"Record","Plot","Row","Column","Cp","Csp","Entry","Year","Location","Genotype","Trait","Value","ID","IDROW","IDCOL","IDROWCOL"
715,105,1,1,1,0,715,2019,"Preston","NorLin","STD",3,"2019_Preston_NorLin","2019_Preston_STD_1","2019_Preston_STD_1","2019_Preston_STD_1_1"
715,105,1,1,1,0,715,2019,"Preston","NorLin","V1",2,"2019_Preston_NorLin","2019_Preston_V1_1","2019_Preston_V1_1","2019_Preston_V1_1_1"
715,105,1,1,1,0,715,2019,"Preston","NorLin","V2",3,"2019_Preston_NorLin","2019_Preston_V2_1","2019_Preston_V2_1","2019_Preston_V2_1_1"
715,105,1,1,1,0,715,2019,"Preston","NorLin","V3",2,"2019_Preston_NorLin","2019_Preston_V3_1","2019_Preston_V3_1","2019_Preston_V3_1_1"
715,105,1,1,1,0,715,2019,"Preston","NorLin","W1",3,"2019_Preston_NorLin","2019_Preston_W1_1","2019_Preston_W1_1","2019_Preston_W1_1_1"
715,105,1,1,1,0,715,2019,"Preston","NorLin","W2",5,"2019_Preston_NorLin","2019_Preston_W2_1","2019_Preston_W2_1","2019_Preston_W2_1_1"
715,105,1,1,1,0,715,2019,"Preston","NorLin","W3",0,"2019_Preston_NorLin","2019_Preston_W3_1","2019_Preston_W3_1","2019_Preston_W3_1_1"
715,114,1,2,1,0,715,2019,"Preston","NorLin","STD",3,"2019_Preston_NorLin","2019_Preston_STD_1","2019_Preston_STD_2","2019_Preston_STD_1_2"
715,114,1,2,1,0,715,2019,"Preston","NorLin","V1",3,"2019_Preston_NorLin","2019_Preston_V1_1","2019_Preston_V1_2","2019_Preston_V1_1_2"
715,114,1,2,1,0,715,2019,"Preston","NorLin","V2",4,"2019_Preston_NorLin","2019_Preston_V2_1","2019_Preston_V2_2","2019_Preston_V2_1_2"
715,114,1,2,1,0,715,2019,"Preston","NorLin","V3",3,"2019_Preston_NorLin","2019_Preston_V3_1","2019_Preston_V3_2","2019_Preston_V3_1_2"
715,114,1,2,1,0,715,2019,"Preston","NorLin","W1",0,"2019_Preston_NorLin","2019_Preston_W1_1","2019_Preston_W1_2","2019_Preston_W1_1_2"
715,114,1,2,1,0,715,2019,"Preston","NorLin","W2",4,"2019_Preston_NorLin","2019_Preston_W2_1","2019_Preston_W2_2","2019_Preston_W2_1_2"
715,114,1,2,1,0,715,2019,"Preston","NorLin","W3",1,"2019_Preston_NorLin","2019_Preston_W3_1","2019_Preston_W3_2","2019_Preston_W3_1_2"
715,123,1,3,1,0,715,2019,"Preston","NorLin","STD",3,"2019_Preston_NorLin","2019_Preston_STD_1","2019_Preston_STD_3","2019_Preston_STD_1_3"
715,123,1,3,1,0,715,2019,"Preston","NorLin","V1",4,"2019_Preston_NorLin","2019_Preston_V1_1","2019_Preston_V1_3","2019_Preston_V1_1_3"
715,123,1,3,1,0,715,2019,"Preston","NorLin","V2",4,"2019_Preston_NorLin","2019_Preston_V2_1","2019_Preston_V2_3","2019_Preston_V2_1_3"
715,123,1,3,1,0,715,2019,"Preston","NorLin","V3",3,"2019_Preston_NorLin","2019_Preston_V3_1","2019_Preston_V3_3","2019_Preston_V3_1_3"
715,123,1,3,1,0,715,2019,"Preston","NorLin","W1",0,"2019_Preston_NorLin","2019_Preston_W1_1","2019_Preston_W1_3","2019_Preston_W1_1_3"
715,123,1,3,1,0,715,2019,"Preston","NorLin","W2",4,"2019_Preston_NorLin","2019_Preston_W2_1","2019_Preston_W2_3","2019_Preston_W2_1_3"
715,123,1,3,1,0,715,2019,"Preston","NorLin","W3",1,"2019_Preston_NorLin","2019_Preston_W3_1","2019_Preston_W3_3","2019_Preston_W3_1_3"
715,132,1,4,1,0,715,2019,"Preston","NorLin","STD",3,"2019_Preston_NorLin","2019_Preston_STD_1","2019_Preston_STD_4","2019_Preston_STD_1_4"
715,132,1,4,1,0,715,2019,"Preston","NorLin","V1",3,"2019_Preston_NorLin","2019_Preston_V1_1","2019_Preston_V1_4","2019_Preston_V1_1_4"
715,132,1,4,1,0,715,2019,"Preston","NorLin","V2",4,"2019_Preston_NorLin","2019_Preston_V2_1","2019_Preston_V2_4","2019_Preston_V2_1_4"
715,132,1,4,1,0,715,2019,"Preston","NorLin","V3",3,"2019_Preston_NorLin","2019_Preston_V3_1","2019_Preston_V3_4","2019_Preston_V3_1_4"
715,132,1,4,1,0,715,2019,"Preston","NorLin","W1",0,"2019_Preston_NorLin","2019_Preston_W1_1","2019_Preston_W1_4","2019_Preston_W1_1_4"
715,132,1,4,1,0,715,2019,"Preston","NorLin","W2",4,"2019_Preston_NorLin","2019_Preston_W2_1","2019_Preston_W2_4","2019_Preston_W2_1_4"
715,132,1,4,1,0,715,2019,"Preston","NorLin","W3",4,"2019_Preston_NorLin","2019_Preston_W3_1","2019_Preston_W3_4","2019_Preston_W3_1_4"
715,141,1,5,1,0,715,2019,"Preston","NorLin","STD",4,"2019_Preston_NorLin","2019_Preston_STD_1","2019_Preston_STD_5","2019_Preston_STD_1_5"
715,141,1,5,1,0,715,2019,"Preston","NorLin","V1",3,"2019_Preston_NorLin","2019_Preston_V1_1","2019_Preston_V1_5","2019_Preston_V1_1_5"
715,141,1,5,1,0,715,2019,"Preston","NorLin","V2",4,"2019_Preston_NorLin","2019_Preston_V2_1","2019_Preston_V2_5","2019_Preston_V2_1_5"
715,141,1,5,1,0,715,2019,"Preston","NorLin","V3",3,"2019_Preston_NorLin","2019_Preston_V3_1","2019_Preston_V3_5","2019_Preston_V3_1_5"
715,141,1,5,1,0,715,2019,"Preston","NorLin","W1",0,"2019_Preston_NorLin","2019_Preston_W1_1","2019_Preston_W1_5","2019_Preston_W1_1_5"
715,141,1,5,1,0,715,2019,"Preston","NorLin","W2",6,"2019_Preston_NorLin","2019_Preston_W2_1","2019_Preston_W2_5","2019_Preston_W2_1_5"
715,141,1,5,1,0,715,2019,"Preston","NorLin","W3",2,"2019_Preston_NorLin","2019_Preston_W3_1","2019_Preston_W3_5","2019_Preston_W3_1_5"
715,150,1,6,1,0,715,2019,"Preston","NorLin","STD",3,"2019_Preston_NorLin","2019_Preston_STD_1","2019_Preston_STD_6","2019_Preston_STD_1_6"
715,150,1,6,1,0,715,2019,"Preston","NorLin","V1",4,"2019_Preston_NorLin","2019_Preston_V1_1","2019_Preston_V1_6","2019_Preston_V1_1_6"
715,150,1,6,1,0,715,2019,"Preston","NorLin","V2",3,"2019_Preston_NorLin","2019_Preston_V2_1","2019_Preston_V2_6","2019_Preston_V2_1_6"
715,150,1,6,1,0,715,2019,"Preston","NorLin","V3",3,"2019_Preston_NorLin","2019_Preston_V3_1","2019_Preston_V3_6","2019_Preston_V3_1_6"
715,150,1,6,1,0,715,2019,"Preston","NorLin","W1",0,"2019_Preston_NorLin","2019_Preston_W1_1","2019_Preston_W1_6","2019_Preston_W1_1_6"
715,150,1,6,1,0,715,2019,"Preston","NorLin","W2",5,"2019_Preston_NorLin","2019_Preston_W2_1","2019_Preston_W2_6","2019_Preston_W2_1_6"
715,150,1,6,1,0,715,2019,"Preston","NorLin","W3",0,"2019_Preston_NorLin","2019_Preston_W3_1","2019_Preston_W3_6","2019_Preston_W3_1_6"
715,159,1,7,1,0,715,2019,"Preston","NorLin","STD",3,"2019_Preston_NorLin","2019_Preston_STD_1","2019_Preston_STD_7","2019_Preston_STD_1_7"
715,159,1,7,1,0,715,2019,"Preston","NorLin","V1",4,"2019_Preston_NorLin","2019_Preston_V1_1","2019_Preston_V1_7","2019_Preston_V1_1_7"
715,159,1,7,1,0,715,2019,"Preston","NorLin","V2",4,"2019_Preston_NorLin","2019_Preston_V2_1","2019_Preston_V2_7","2019_Preston_V2_1_7"
715,159,1,7,1,0,715,2019,"Preston","NorLin","V3",3,"2019_Preston_NorLin","2019_Preston_V3_1","2019_Preston_V3_7","2019_Preston_V3_1_7"
715,159,1,7,1,0,715,2019,"Preston","NorLin","W1",0,"2019_Preston_NorLin","2019_Preston_W1_1","2019_Preston_W1_7","2019_Preston_W1_1_7"
715,159,1,7,1,0,715,2019,"Preston","NorLin","W2",5,"2019_Preston_NorLin","2019_Preston_W2_1","2019_Preston_W2_7","2019_Preston_W2_1_7"
715,159,1,7,1,0,715,2019,"Preston","NorLin","W3",2,"2019_Preston_NorLin","2019_Preston_W3_1","2019_Preston_W3_7","2019_Preston_W3_1_7"
715,168,1,8,1,0,715,2019,"Preston","NorLin","STD",3,"2019_Preston_NorLin","2019_Preston_STD_1","2019_Preston_STD_8","2019_Preston_STD_1_8"
715,168,1,8,1,0,715,2019,"Preston","NorLin","V1",4,"2019_Preston_NorLin","2019_Preston_V1_1","2019_Preston_V1_8","2019_Preston_V1_1_8"
715,168,1,8,1,0,715,2019,"Preston","NorLin","V2",4,"2019_Preston_NorLin","2019_Preston_V2_1","2019_Preston_V2_8","2019_Preston_V2_1_8"
715,168,1,8,1,0,715,2019,"Preston","NorLin","V3",4,"2019_Preston_NorLin","2019_Preston_V3_1","2019_Preston_V3_8","2019_Preston_V3_1_8"
715,168,1,8,1,0,715,2019,"Preston","NorLin","W1",0,"2019_Preston_NorLin","2019_Preston_W1_1","2019_Preston_W1_8","2019_Preston_W1_1_8"
715,168,1,8,1,0,715,2019,"Preston","NorLin","W2",4,"2019_Preston_NorLin","2019_Preston_W2_1","2019_Preston_W2_8","2019_Preston_W2_1_8"
715,168,1,8,1,0,715,2019,"Preston","NorLin","W3",1,"2019_Preston_NorLin","2019_Preston_W3_1","2019_Preston_W3_8","2019_Preston_W3_1_8"
715,177,1,9,1,0,715,2019,"Preston","NorLin","STD",3,"2019_Preston_NorLin","2019_Preston_STD_1","2019_Preston_STD_9","2019_Preston_STD_1_9"
715,177,1,9,1,0,715,2019,"Preston","NorLin","V1",3,"2019_Preston_NorLin","2019_Preston_V1_1","2019_Preston_V1_9","2019_Preston_V1_1_9"
715,177,1,9,1,0,715,2019,"Preston","NorLin","V2",3,"2019_Preston_NorLin","2019_Preston_V2_1","2019_Preston_V2_9","2019_Preston_V2_1_9"
715,177,1,9,1,0,715,2019,"Preston","NorLin","V3",3,"2019_Preston_NorLin","2019_Preston_V3_1","2019_Preston_V3_9","2019_Preston_V3_1_9"
715,177,1,9,1,0,715,2019,"Preston","NorLin","W1",0,"2019_Preston_NorLin","2019_Preston_W1_1","2019_Preston_W1_9","2019_Preston_W1_1_9"
715,177,1,9,1,0,715,2019,"Preston","NorLin","W2",7,"2019_Preston_NorLin","2019_Preston_W2_1","2019_Preston_W2_9","2019_Preston_W2_1_9"
715,177,1,9,1,0,715,2019,"Preston","NorLin","W3",2,"2019_Preston_NorLin","2019_Preston_W3_1","2019_Preston_W3_9","2019_Preston_W3_1_9"
715,186,2,1,1,0,715,2019,"Preston","NorLin","STD",2,"2019_Preston_NorLin","2019_Preston_STD_2","2019_Preston_STD_1","2019_Preston_STD_2_1"
715,186,2,1,1,0,715,2019,"Preston","NorLin","V1",3,"2019_Preston_NorLin","2019_Preston_V1_2","2019_Preston_V1_1","2019_Preston_V1_2_1"
715,186,2,1,1,0,715,2019,"Preston","NorLin","V2",3,"2019_Preston_NorLin","2019_Preston_V2_2","2019_Preston_V2_1","2019_Preston_V2_2_1"
715,186,2,1,1,0,715,2019,"Preston","NorLin","V3",1,"2019_Preston_NorLin","2019_Preston_V3_2","2019_Preston_V3_1","2019_Preston_V3_2_1"
715,186,2,1,1,0,715,2019,"Preston","NorLin","W1",1,"2019_Preston_NorLin","2019_Preston_W1_2","2019_Preston_W1_1","2019_Preston_W1_2_1"
715,186,2,1,1,0,715,2019,"Preston","NorLin","W2",4,"2019_Preston_NorLin","2019_Preston_W2_2","2019_Preston_W2_1","2019_Preston_W2_2_1"
715,186,2,1,1,0,715,2019,"Preston","NorLin","W3",0,"2019_Preston_NorLin","2019_Preston_W3_2","2019_Preston_W3_1","2019_Preston_W3_2_1"
715,195,2,2,1,0,715,2019,"Preston","NorLin","STD",3,"2019_Preston_NorLin","2019_Preston_STD_2","2019_Preston_STD_2","2019_Preston_STD_2_2"
715,195,2,2,1,0,715,2019,"Preston","NorLin","V1",2,"2019_Preston_NorLin","2019_Preston_V1_2","2019_Preston_V1_2","2019_Preston_V1_2_2"
715,195,2,2,1,0,715,2019,"Preston","NorLin","V2",3,"2019_Preston_NorLin","2019_Preston_V2_2","2019_Preston_V2_2","2019_Preston_V2_2_2"
715,195,2,2,1,0,715,2019,"Preston","NorLin","V3",2,"2019_Preston_NorLin","2019_Preston_V3_2","2019_Preston_V3_2","2019_Preston_V3_2_2"
715,195,2,2,1,0,715,2019,"Preston","NorLin","W1",0,"2019_Preston_NorLin","2019_Preston_W1_2","2019_Preston_W1_2","2019_Preston_W1_2_2"
715,195,2,2,1,0,715,2019,"Preston","NorLin","W2",4,"2019_Preston_NorLin","2019_Preston_W2_2","2019_Preston_W2_2","2019_Preston_W2_2_2"
715,195,2,2,1,0,715,2019,"Preston","NorLin","W3",0,"2019_Preston_NorLin","2019_Preston_W3_2","2019_Preston_W3_2","2019_Preston_W3_2_2"
715,204,2,3,1,0,715,2019,"Preston","NorLin","STD",3,"2019_Preston_NorLin","2019_Preston_STD_2","2019_Preston_STD_3","2019_Preston_STD_2_3"
715,204,2,3,1,0,715,2019,"Preston","NorLin","V1",3,"2019_Preston_NorLin","2019_Preston_V1_2","2019_Preston_V1_3","2019_Preston_V1_2_3"
715,204,2,3,1,0,715,2019,"Preston","NorLin","V2",4,"2019_Preston_NorLin","2019_Preston_V2_2","2019_Preston_V2_3","2019_Preston_V2_2_3"
715,204,2,3,1,0,715,2019,"Preston","NorLin","V3",3,"2019_Preston_NorLin","2019_Preston_V3_2","2019_Preston_V3_3","2019_Preston_V3_2_3"
715,204,2,3,1,0,715,2019,"Preston","NorLin","W1",0,"2019_Preston_NorLin","2019_Preston_W1_2","2019_Preston_W1_3","2019_Preston_W1_2_3"
715,204,2,3,1,0,715,2019,"Preston","NorLin","W2",6,"2019_Preston_NorLin","2019_Preston_W2_2","2019_Preston_W2_3","2019_Preston_W2_2_3"
715,204,2,3,1,0,715,2019,"Preston","NorLin","W3",1,"2019_Preston_NorLin","2019_Preston_W3_2","2019_Preston_W3_3","2019_Preston_W3_2_3"
715,213,2,4,1,0,715,2019,"Preston","NorLin","STD",4,"2019_Preston_NorLin","2019_Preston_STD_2","2019_Preston_STD_4","2019_Preston_STD_2_4"
715,213,2,4,1,0,715,2019,"Preston","NorLin","V1",4,"2019_Preston_NorLin","2019_Preston_V1_2","2019_Preston_V1_4","2019_Preston_V1_2_4"
715,213,2,4,1,0,715,2019,"Preston","NorLin","V2",4,"2019_Preston_NorLin","2019_Preston_V2_2","2019_Preston_V2_4","2019_Preston_V2_2_4"
715,213,2,4,1,0,715,2019,"Preston","NorLin","V3",3,"2019_Preston_NorLin","2019_Preston_V3_2","2019_Preston_V3_4","2019_Preston_V3_2_4"
715,213,2,4,1,0,715,2019,"Preston","NorLin","W1",1,"2019_Preston_NorLin","2019_Preston_W1_2","2019_Preston_W1_4","2019_Preston_W1_2_4"
715,213,2,4,1,0,715,2019,"Preston","NorLin","W2",5,"2019_Preston_NorLin","2019_Preston_W2_2","2019_Preston_W2_4","2019_Preston_W2_2_4"
715,213,2,4,1,0,715,2019,"Preston","NorLin","W3",2,"2019_Preston_NorLin","2019_Preston_W3_2","2019_Preston_W3_4","2019_Preston_W3_2_4"
715,222,2,5,1,0,715,2019,"Preston","NorLin","STD",3,"2019_Preston_NorLin","2019_Preston_STD_2","2019_Preston_STD_5","2019_Preston_STD_2_5"
715,222,2,5,1,0,715,2019,"Preston","NorLin","V1",3,"2019_Preston_NorLin","2019_Preston_V1_2","2019_Preston_V1_5","2019_Preston_V1_2_5"
715,222,2,5,1,0,715,2019,"Preston","NorLin","V2",3,"2019_Preston_NorLin","2019_Preston_V2_2","2019_Preston_V2_5","2019_Preston_V2_2_5"
715,222,2,5,1,0,715,2019,"Preston","NorLin","V3",2,"2019_Preston_NorLin","2019_Preston_V3_2","2019_Preston_V3_5","2019_Preston_V3_2_5"
715,222,2,5,1,0,715,2019,"Preston","NorLin","W1",0,"2019_Preston_NorLin","2019_Preston_W1_2","2019_Preston_W1_5","2019_Preston_W1_2_5"
715,222,2,5,1,0,715,2019,"Preston","NorLin","W2",5,"2019_Preston_NorLin","2019_Preston_W2_2","2019_Preston_W2_5","2019_Preston_W2_2_5"
715,222,2,5,1,0,715,2019,"Preston","NorLin","W3",3,"2019_Preston_NorLin","2019_Preston_W3_2","2019_Preston_W3_5","2019_Preston_W3_2_5"
715,231,2,6,1,0,715,2019,"Preston","NorLin","STD",3,"2019_Preston_NorLin","2019_Preston_STD_2","2019_Preston_STD_6","2019_Preston_STD_2_6"
715,231,2,6,1,0,715,2019,"Preston","NorLin","V1",3,"2019_Preston_NorLin","2019_Preston_V1_2","2019_Preston_V1_6","2019_Preston_V1_2_6"
715,231,2,6,1,0,715,2019,"Preston","NorLin","V2",3,"2019_Preston_NorLin","2019_Preston_V2_2","2019_Preston_V2_6","2019_Preston_V2_2_6"
715,231,2,6,1,0,715,2019,"Preston","NorLin","V3",2,"2019_Preston_NorLin","2019_Preston_V3_2","2019_Preston_V3_6","2019_Preston_V3_2_6"
715,231,2,6,1,0,715,2019,"Preston","NorLin","W1",0,"2019_Preston_NorLin","2019_Preston_W1_2","2019_Preston_W1_6","2019_Preston_W1_2_6"
715,231,2,6,1,0,715,2019,"Preston","NorLin","W2",4,"2019_Preston_NorLin","2019_Preston_W2_2","2019_Preston_W2_6","2019_Preston_W2_2_6"
715,231,2,6,1,0,715,2019,"Preston","NorLin","W3",1,"2019_Preston_NorLin","2019_Preston_W3_2","2019_Preston_W3_6","2019_Preston_W3_2_6"
715,240,2,7,1,0,715,2019,"Preston","NorLin","STD",2,"2019_Preston_NorLin","2019_Preston_STD_2","2019_Preston_STD_7","2019_Preston_STD_2_7"
715,240,2,7,1,0,715,2019,"Preston","NorLin","V1",3,"2019_Preston_NorLin","2019_Preston_V1_2","2019_Preston_V1_7","2019_Preston_V1_2_7"
715,240,2,7,1,0,715,2019,"Preston","NorLin","V2",3,"2019_Preston_NorLin","2019_Preston_V2_2","2019_Preston_V2_7","2019_Preston_V2_2_7"
715,240,2,7,1,0,715,2019,"Preston","NorLin","V3",2,"2019_Preston_NorLin","2019_Preston_V3_2","2019_Preston_V3_7","2019_Preston_V3_2_7"
715,240,2,7,1,0,715,2019,"Preston","NorLin","W1",0,"2019_Preston_NorLin","2019_Preston_W1_2","2019_Preston_W1_7","2019_Preston_W1_2_7"
715,240,2,7,1,0,715,2019,"Preston","NorLin","W2",4,"2019_Preston_NorLin","2019_Preston_W2_2","2019_Preston_W2_7","2019_Preston_W2_2_7"
715,240,2,7,1,0,715,2019,"Preston","NorLin","W3",2,"2019_Preston_NorLin","2019_Preston_W3_2","2019_Preston_W3_7","2019_Preston_W3_2_7"
715,249,2,8,1,0,715,2019,"Preston","NorLin","STD",2,"2019_Preston_NorLin","2019_Preston_STD_2","2019_Preston_STD_8","2019_Preston_STD_2_8"
715,249,2,8,1,0,715,2019,"Preston","NorLin","V1",3,"2019_Preston_NorLin","2019_Preston_V1_2","2019_Preston_V1_8","2019_Preston_V1_2_8"
715,249,2,8,1,0,715,2019,"Preston","NorLin","V2",2,"2019_Preston_NorLin","2019_Preston_V2_2","2019_Preston_V2_8","2019_Preston_V2_2_8"
715,249,2,8,1,0,715,2019,"Preston","NorLin","V3",2,"2019_Preston_NorLin","2019_Preston_V3_2","2019_Preston_V3_8","2019_Preston_V3_2_8"
715,249,2,8,1,0,715,2019,"Preston","NorLin","W1",4,"2019_Preston_NorLin","2019_Preston_W1_2","2019_Preston_W1_8","2019_Preston_W1_2_8"
715,249,2,8,1,0,715,2019,"Preston","NorLin","W2",4,"2019_Preston_NorLin","2019_Preston_W2_2","2019_Preston_W2_8","2019_Preston_W2_2_8"
715,249,2,8,1,0,715,2019,"Preston","NorLin","W3",1,"2019_Preston_NorLin","2019_Preston_W3_2","2019_Preston_W3_8","2019_Preston_W3_2_8"
715,258,2,9,1,0,715,2019,"Preston","NorLin","STD",2,"2019_Preston_NorLin","2019_Preston_STD_2","2019_Preston_STD_9","2019_Preston_STD_2_9"
715,258,2,9,1,0,715,2019,"Preston","NorLin","V1",2,"2019_Preston_NorLin","2019_Preston_V1_2","2019_Preston_V1_9","2019_Preston_V1_2_9"
715,258,2,9,1,0,715,2019,"Preston","NorLin","V2",3,"2019_Preston_NorLin","2019_Preston_V2_2","2019_Preston_V2_9","2019_Preston_V2_2_9"
715,258,2,9,1,0,715,2019,"Preston","NorLin","V3",3,"2019_Preston_NorLin","2019_Preston_V3_2","2019_Preston_V3_9","2019_Preston_V3_2_9"
715,258,2,9,1,0,715,2019,"Preston","NorLin","W1",0,"2019_Preston_NorLin","2019_Preston_W1_2","2019_Preston_W1_9","2019_Preston_W1_2_9"
715,258,2,9,1,0,715,2019,"Preston","NorLin","W2",4,"2019_Preston_NorLin","2019_Preston_W2_2","2019_Preston_W2_9","2019_Preston_W2_2_9"
715,258,2,9,1,0,715,2019,"Preston","NorLin","W3",4,"2019_Preston_NorLin","2019_Preston_W3_2","2019_Preston_W3_9","2019_Preston_W3_2_9"
715,267,3,1,1,0,715,2019,"Preston","NorLin","STD",1,"2019_Preston_NorLin","2019_Preston_STD_3","2019_Preston_STD_1","2019_Preston_STD_3_1"
715,267,3,1,1,0,715,2019,"Preston","NorLin","V1",2,"2019_Preston_NorLin","2019_Preston_V1_3","2019_Preston_V1_1","2019_Preston_V1_3_1"
715,267,3,1,1,0,715,2019,"Preston","NorLin","V2",2,"2019_Preston_NorLin","2019_Preston_V2_3","2019_Preston_V2_1","2019_Preston_V2_3_1"
715,267,3,1,1,0,715,2019,"Preston","NorLin","V3",2,"2019_Preston_NorLin","2019_Preston_V3_3","2019_Preston_V3_1","2019_Preston_V3_3_1"
715,267,3,1,1,0,715,2019,"Preston","NorLin","W1",2,"2019_Preston_NorLin","2019_Preston_W1_3","2019_Preston_W1_1","2019_Preston_W1_3_1"
715,267,3,1,1,0,715,2019,"Preston","NorLin","W2",4,"2019_Preston_NorLin","2019_Preston_W2_3","2019_Preston_W2_1","2019_Preston_W2_3_1"
715,267,3,1,1,0,715,2019,"Preston","NorLin","W3",0,"2019_Preston_NorLin","2019_Preston_W3_3","2019_Preston_W3_1","2019_Preston_W3_3_1"
715,276,3,2,1,0,715,2019,"Preston","NorLin","STD",3,"2019_Preston_NorLin","2019_Preston_STD_3","2019_Preston_STD_2","2019_Preston_STD_3_2"
715,276,3,2,1,0,715,2019,"Preston","NorLin","V1",3,"2019_Preston_NorLin","2019_Preston_V1_3","2019_Preston_V1_2","2019_Preston_V1_3_2"
715,276,3,2,1,0,715,2019,"Preston","NorLin","V2",3,"2019_Preston_NorLin","2019_Preston_V2_3","2019_Preston_V2_2","2019_Preston_V2_3_2"
715,276,3,2,1,0,715,2019,"Preston","NorLin","V3",2,"2019_Preston_NorLin","2019_Preston_V3_3","2019_Preston_V3_2","2019_Preston_V3_3_2"
715,276,3,2,1,0,715,2019,"Preston","NorLin","W1",2,"2019_Preston_NorLin","2019_Preston_W1_3","2019_Preston_W1_2","2019_Preston_W1_3_2"
715,276,3,2,1,0,715,2019,"Preston","NorLin","W2",4,"2019_Preston_NorLin","2019_Preston_W2_3","2019_Preston_W2_2","2019_Preston_W2_3_2"
715,276,3,2,1,0,715,2019,"Preston","NorLin","W3",2,"2019_Preston_NorLin","2019_Preston_W3_3","2019_Preston_W3_2","2019_Preston_W3_3_2"
715,285,3,3,1,0,715,2019,"Preston","NorLin","STD",3,"2019_Preston_NorLin","2019_Preston_STD_3","2019_Preston_STD_3","2019_Preston_STD_3_3"
715,285,3,3,1,0,715,2019,"Preston","NorLin","V1",3,"2019_Preston_NorLin","2019_Preston_V1_3","2019_Preston_V1_3","2019_Preston_V1_3_3"
715,285,3,3,1,0,715,2019,"Preston","NorLin","V2",4,"2019_Preston_NorLin","2019_Preston_V2_3","2019_Preston_V2_3","2019_Preston_V2_3_3"
715,285,3,3,1,0,715,2019,"Preston","NorLin","V3",3,"2019_Preston_NorLin","2019_Preston_V3_3","2019_Preston_V3_3","2019_Preston_V3_3_3"
715,285,3,3,1,0,715,2019,"Preston","NorLin","W1",0,"2019_Preston_NorLin","2019_Preston_W1_3","2019_Preston_W1_3","2019_Preston_W1_3_3"
715,285,3,3,1,0,715,2019,"Preston","NorLin","W2",7,"2019_Preston_NorLin","2019_Preston_W2_3","2019_Preston_W2_3","2019_Preston_W2_3_3"
715,285,3,3,1,0,715,2019,"Preston","NorLin","W3",3,"2019_Preston_NorLin","2019_Preston_W3_3","2019_Preston_W3_3","2019_Preston_W3_3_3"
715,294,3,4,1,0,715,2019,"Preston","NorLin","STD",3,"2019_Preston_NorLin","2019_Preston_STD_3","2019_Preston_STD_4","2019_Preston_STD_3_4"
715,294,3,4,1,0,715,2019,"Preston","NorLin","V1",3,"2019_Preston_NorLin","2019_Preston_V1_3","2019_Preston_V1_4","2019_Preston_V1_3_4"
715,294,3,4,1,0,715,2019,"Preston","NorLin","V2",4,"2019_Preston_NorLin","2019_Preston_V2_3","2019_Preston_V2_4","2019_Preston_V2_3_4"
715,294,3,4,1,0,715,2019,"Preston","NorLin","V3",2,"2019_Preston_NorLin","2019_Preston_V3_3","2019_Preston_V3_4","2019_Preston_V3_3_4"
715,294,3,4,1,0,715,2019,"Preston","NorLin","W1",1,"2019_Preston_NorLin","2019_Preston_W1_3","2019_Preston_W1_4","2019_Preston_W1_3_4"
715,294,3,4,1,0,715,2019,"Preston","NorLin","W2",6,"2019_Preston_NorLin","2019_Preston_W2_3","2019_Preston_W2_4","2019_Preston_W2_3_4"
715,294,3,4,1,0,715,2019,"Preston","NorLin","W3",4,"2019_Preston_NorLin","2019_Preston_W3_3","2019_Preston_W3_4","2019_Preston_W3_3_4"
715,303,3,5,1,0,715,2019,"Preston","NorLin","STD",4,"2019_Preston_NorLin","2019_Preston_STD_3","2019_Preston_STD_5","2019_Preston_STD_3_5"
715,303,3,5,1,0,715,2019,"Preston","NorLin","V1",3,"2019_Preston_NorLin","2019_Preston_V1_3","2019_Preston_V1_5","2019_Preston_V1_3_5"
715,303,3,5,1,0,715,2019,"Preston","NorLin","V2",3,"2019_Preston_NorLin","2019_Preston_V2_3","2019_Preston_V2_5","2019_Preston_V2_3_5"
715,303,3,5,1,0,715,2019,"Preston","NorLin","V3",2,"2019_Preston_NorLin","2019_Preston_V3_3","2019_Preston_V3_5","2019_Preston_V3_3_5"
715,303,3,5,1,0,715,2019,"Preston","NorLin","W1",0,"2019_Preston_NorLin","2019_Preston_W1_3","2019_Preston_W1_5","2019_Preston_W1_3_5"
715,303,3,5,1,0,715,2019,"Preston","NorLin","W2",5,"2019_Preston_NorLin","2019_Preston_W2_3","2019_Preston_W2_5","2019_Preston_W2_3_5"
715,303,3,5,1,0,715,2019,"Preston","NorLin","W3",1,"2019_Preston_NorLin","2019_Preston_W3_3","2019_Preston_W3_5","2019_Preston_W3_3_5"
715,312,3,6,1,0,715,2019,"Preston","NorLin","STD",2,"2019_Preston_NorLin","2019_Preston_STD_3","2019_Preston_STD_6","2019_Preston_STD_3_6"
715,312,3,6,1,0,715,2019,"Preston","NorLin","V1",2,"2019_Preston_NorLin","2019_Preston_V1_3","2019_Preston_V1_6","2019_Preston_V1_3_6"
715,312,3,6,1,0,715,2019,"Preston","NorLin","V2",2,"2019_Preston_NorLin","2019_Preston_V2_3","2019_Preston_V2_6","2019_Preston_V2_3_6"
715,312,3,6,1,0,715,2019,"Preston","NorLin","V3",2,"2019_Preston_NorLin","2019_Preston_V3_3","2019_Preston_V3_6","2019_Preston_V3_3_6"
715,312,3,6,1,0,715,2019,"Preston","NorLin","W1",0,"2019_Preston_NorLin","2019_Preston_W1_3","2019_Preston_W1_6","2019_Preston_W1_3_6"
715,312,3,6,1,0,715,2019,"Preston","NorLin","W2",5,"2019_Preston_NorLin","2019_Preston_W2_3","2019_Preston_W2_6","2019_Preston_W2_3_6"
715,312,3,6,1,0,715,2019,"Preston","NorLin","W3",2,"2019_Preston_NorLin","2019_Preston_W3_3","2019_Preston_W3_6","2019_Preston_W3_3_6"
715,321,3,7,1,0,715,2019,"Preston","NorLin","STD",3,"2019_Preston_NorLin","2019_Preston_STD_3","2019_Preston_STD_7","2019_Preston_STD_3_7"
715,321,3,7,1,0,715,2019,"Preston","NorLin","V1",3,"2019_Preston_NorLin","2019_Preston_V1_3","2019_Preston_V1_7","2019_Preston_V1_3_7"
715,321,3,7,1,0,715,2019,"Preston","NorLin","V2",3,"2019_Preston_NorLin","2019_Preston_V2_3","2019_Preston_V2_7","2019_Preston_V2_3_7"
715,321,3,7,1,0,715,2019,"Preston","NorLin","V3",3,"2019_Preston_NorLin","2019_Preston_V3_3","2019_Preston_V3_7","2019_Preston_V3_3_7"
715,321,3,7,1,0,715,2019,"Preston","NorLin","W1",0,"2019_Preston_NorLin","2019_Preston_W1_3","2019_Preston_W1_7","2019_Preston_W1_3_7"
715,321,3,7,1,0,715,2019,"Preston","NorLin","W2",5,"2019_Preston_NorLin","2019_Preston_W2_3","2019_Preston_W2_7","2019_Preston_W2_3_7"
715,321,3,7,1,0,715,2019,"Preston","NorLin","W3",4,"2019_Preston_NorLin","2019_Preston_W3_3","2019_Preston_W3_7","2019_Preston_W3_3_7"
715,330,3,8,1,0,715,2019,"Preston","NorLin","STD",2,"2019_Preston_NorLin","2019_Preston_STD_3","2019_Preston_STD_8","2019_Preston_STD_3_8"
715,330,3,8,1,0,715,2019,"Preston","NorLin","V1",2,"2019_Preston_NorLin","2019_Preston_V1_3","2019_Preston_V1_8","2019_Preston_V1_3_8"
715,330,3,8,1,0,715,2019,"Preston","NorLin","V2",2,"2019_Preston_NorLin","2019_Preston_V2_3","2019_Preston_V2_8","2019_Preston_V2_3_8"
715,330,3,8,1,0,715,2019,"Preston","NorLin","V3",2,"2019_Preston_NorLin","2019_Preston_V3_3","2019_Preston_V3_8","2019_Preston_V3_3_8"
715,330,3,8,1,0,715,2019,"Preston","NorLin","W1",2,"2019_Preston_NorLin","2019_Preston_W1_3","2019_Preston_W1_8","2019_Preston_W1_3_8"
715,330,3,8,1,0,715,2019,"Preston","NorLin","W2",4,"2019_Preston_NorLin","2019_Preston_W2_3","2019_Preston_W2_8","2019_Preston_W2_3_8"
715,330,3,8,1,0,715,2019,"Preston","NorLin","W3",2,"2019_Preston_NorLin","2019_Preston_W3_3","2019_Preston_W3_8","2019_Preston_W3_3_8"
715,339,3,9,1,0,715,2019,"Preston","NorLin","STD",3,"2019_Preston_NorLin","2019_Preston_STD_3","2019_Preston_STD_9","2019_Preston_STD_3_9"
715,339,3,9,1,0,715,2019,"Preston","NorLin","V1",2,"2019_Preston_NorLin","2019_Preston_V1_3","2019_Preston_V1_9","2019_Preston_V1_3_9"
715,339,3,9,1,0,715,2019,"Preston","NorLin","V2",2,"2019_Preston_NorLin","2019_Preston_V2_3","2019_Preston_V2_9","2019_Preston_V2_3_9"
715,339,3,9,1,0,715,2019,"Preston","NorLin","V3",3,"2019_Preston_NorLin","2019_Preston_V3_3","2019_Preston_V3_9","2019_Preston_V3_3_9"
715,339,3,9,1,0,715,2019,"Preston","NorLin","W1",0,"2019_Preston_NorLin","2019_Preston_W1_3","2019_Preston_W1_9","2019_Preston_W1_3_9"
715,339,3,9,1,0,715,2019,"Preston","NorLin","W2",5,"2019_Preston_NorLin","2019_Preston_W2_3","2019_Preston_W2_9","2019_Preston_W2_3_9"
715,339,3,9,1,0,715,2019,"Preston","NorLin","W3",6,"2019_Preston_NorLin","2019_Preston_W3_3","2019_Preston_W3_9","2019_Preston_W3_3_9"
715,348,4,1,1,0,715,2019,"Preston","NorLin","STD",3,"2019_Preston_NorLin","2019_Preston_STD_4","2019_Preston_STD_1","2019_Preston_STD_4_1"
715,348,4,1,1,0,715,2019,"Preston","NorLin","V1",3,"2019_Preston_NorLin","2019_Preston_V1_4","2019_Preston_V1_1","2019_Preston_V1_4_1"
715,348,4,1,1,0,715,2019,"Preston","NorLin","V2",2,"2019_Preston_NorLin","2019_Preston_V2_4","2019_Preston_V2_1","2019_Preston_V2_4_1"
715,348,4,1,1,0,715,2019,"Preston","NorLin","V3",2,"2019_Preston_NorLin","2019_Preston_V3_4","2019_Preston_V3_1","2019_Preston_V3_4_1"
715,348,4,1,1,0,715,2019,"Preston","NorLin","W1",1,"2019_Preston_NorLin","2019_Preston_W1_4","2019_Preston_W1_1","2019_Preston_W1_4_1"
715,348,4,1,1,0,715,2019,"Preston","NorLin","W2",3,"2019_Preston_NorLin","2019_Preston_W2_4","2019_Preston_W2_1","2019_Preston_W2_4_1"
715,348,4,1,1,0,715,2019,"Preston","NorLin","W3",1,"2019_Preston_NorLin","2019_Preston_W3_4","2019_Preston_W3_1","2019_Preston_W3_4_1"
715,357,4,2,1,0,715,2019,"Preston","NorLin","STD",4,"2019_Preston_NorLin","2019_Preston_STD_4","2019_Preston_STD_2","2019_Preston_STD_4_2"
715,357,4,2,1,0,715,2019,"Preston","NorLin","V1",4,"2019_Preston_NorLin","2019_Preston_V1_4","2019_Preston_V1_2","2019_Preston_V1_4_2"
715,357,4,2,1,0,715,2019,"Preston","NorLin","V2",3,"2019_Preston_NorLin","2019_Preston_V2_4","2019_Preston_V2_2","2019_Preston_V2_4_2"
715,357,4,2,1,0,715,2019,"Preston","NorLin","V3",3,"2019_Preston_NorLin","2019_Preston_V3_4","2019_Preston_V3_2","2019_Preston_V3_4_2"
715,357,4,2,1,0,715,2019,"Preston","NorLin","W1",1,"2019_Preston_NorLin","2019_Preston_W1_4","2019_Preston_W1_2","2019_Preston_W1_4_2"
715,357,4,2,1,0,715,2019,"Preston","NorLin","W2",4,"2019_Preston_NorLin","2019_Preston_W2_4","2019_Preston_W2_2","2019_Preston_W2_4_2"
715,357,4,2,1,0,715,2019,"Preston","NorLin","W3",4,"2019_Preston_NorLin","2019_Preston_W3_4","2019_Preston_W3_2","2019_Preston_W3_4_2"
715,366,4,3,1,0,715,2019,"Preston","NorLin","STD",3,"2019_Preston_NorLin","2019_Preston_STD_4","2019_Preston_STD_3","2019_Preston_STD_4_3"
715,366,4,3,1,0,715,2019,"Preston","NorLin","V1",3,"2019_Preston_NorLin","2019_Preston_V1_4","2019_Preston_V1_3","2019_Preston_V1_4_3"
715,366,4,3,1,0,715,2019,"Preston","NorLin","V2",3,"2019_Preston_NorLin","2019_Preston_V2_4","2019_Preston_V2_3","2019_Preston_V2_4_3"
715,366,4,3,1,0,715,2019,"Preston","NorLin","V3",4,"2019_Preston_NorLin","2019_Preston_V3_4","2019_Preston_V3_3","2019_Preston_V3_4_3"
715,366,4,3,1,0,715,2019,"Preston","NorLin","W1",1,"2019_Preston_NorLin","2019_Preston_W1_4","2019_Preston_W1_3","2019_Preston_W1_4_3"
715,366,4,3,1,0,715,2019,"Preston","NorLin","W2",4,"2019_Preston_NorLin","2019_Preston_W2_4","2019_Preston_W2_3","2019_Preston_W2_4_3"
715,366,4,3,1,0,715,2019,"Preston","NorLin","W3",4,"2019_Preston_NorLin","2019_Preston_W3_4","2019_Preston_W3_3","2019_Preston_W3_4_3"
715,375,4,4,1,0,715,2019,"Preston","NorLin","STD",3,"2019_Preston_NorLin","2019_Preston_STD_4","2019_Preston_STD_4","2019_Preston_STD_4_4"
715,375,4,4,1,0,715,2019,"Preston","NorLin","V1",3,"2019_Preston_NorLin","2019_Preston_V1_4","2019_Preston_V1_4","2019_Preston_V1_4_4"
715,375,4,4,1,0,715,2019,"Preston","NorLin","V2",3,"2019_Preston_NorLin","2019_Preston_V2_4","2019_Preston_V2_4","2019_Preston_V2_4_4"
715,375,4,4,1,0,715,2019,"Preston","NorLin","V3",3,"2019_Preston_NorLin","2019_Preston_V3_4","2019_Preston_V3_4","2019_Preston_V3_4_4"
715,375,4,4,1,0,715,2019,"Preston","NorLin","W1",1,"2019_Preston_NorLin","2019_Preston_W1_4","2019_Preston_W1_4","2019_Preston_W1_4_4"
715,375,4,4,1,0,715,2019,"Preston","NorLin","W2",4,"2019_Preston_NorLin","2019_Preston_W2_4","2019_Preston_W2_4","2019_Preston_W2_4_4"
715,375,4,4,1,0,715,2019,"Preston","NorLin","W3",4,"2019_Preston_NorLin","2019_Preston_W3_4","2019_Preston_W3_4","2019_Preston_W3_4_4"
715,384,4,5,1,0,715,2019,"Preston","NorLin","STD",3,"2019_Preston_NorLin","2019_Preston_STD_4","2019_Preston_STD_5","2019_Preston_STD_4_5"
715,384,4,5,1,0,715,2019,"Preston","NorLin","V1",2,"2019_Preston_NorLin","2019_Preston_V1_4","2019_Preston_V1_5","2019_Preston_V1_4_5"
715,384,4,5,1,0,715,2019,"Preston","NorLin","V2",2,"2019_Preston_NorLin","2019_Preston_V2_4","2019_Preston_V2_5","2019_Preston_V2_4_5"
715,384,4,5,1,0,715,2019,"Preston","NorLin","V3",2,"2019_Preston_NorLin","2019_Preston_V3_4","2019_Preston_V3_5","2019_Preston_V3_4_5"
715,384,4,5,1,0,715,2019,"Preston","NorLin","W1",1,"2019_Preston_NorLin","2019_Preston_W1_4","2019_Preston_W1_5","2019_Preston_W1_4_5"
715,384,4,5,1,0,715,2019,"Preston","NorLin","W2",2,"2019_Preston_NorLin","2019_Preston_W2_4","2019_Preston_W2_5","2019_Preston_W2_4_5"
715,384,4,5,1,0,715,2019,"Preston","NorLin","W3",0,"2019_Preston_NorLin","2019_Preston_W3_4","2019_Preston_W3_5","2019_Preston_W3_4_5"
715,393,4,6,1,0,715,2019,"Preston","NorLin","STD",3,"2019_Preston_NorLin","2019_Preston_STD_4","2019_Preston_STD_6","2019_Preston_STD_4_6"
715,393,4,6,1,0,715,2019,"Preston","NorLin","V1",2,"2019_Preston_NorLin","2019_Preston_V1_4","2019_Preston_V1_6","2019_Preston_V1_4_6"
715,393,4,6,1,0,715,2019,"Preston","NorLin","V2",2,"2019_Preston_NorLin","2019_Preston_V2_4","2019_Preston_V2_6","2019_Preston_V2_4_6"
715,393,4,6,1,0,715,2019,"Preston","NorLin","V3",2,"2019_Preston_NorLin","2019_Preston_V3_4","2019_Preston_V3_6","2019_Preston_V3_4_6"
715,393,4,6,1,0,715,2019,"Preston","NorLin","W1",1,"2019_Preston_NorLin","2019_Preston_W1_4","2019_Preston_W1_6","2019_Preston_W1_4_6"
715,393,4,6,1,0,715,2019,"Preston","NorLin","W2",4,"2019_Preston_NorLin","2019_Preston_W2_4","2019_Preston_W2_6","2019_Preston_W2_4_6"
715,393,4,6,1,0,715,2019,"Preston","NorLin","W3",4,"2019_Preston_NorLin","2019_Preston_W3_4","2019_Preston_W3_6","2019_Preston_W3_4_6"
715,402,4,7,1,0,715,2019,"Preston","NorLin","STD",2,"2019_Preston_NorLin","2019_Preston_STD_4","2019_Preston_STD_7","2019_Preston_STD_4_7"
715,402,4,7,1,0,715,2019,"Preston","NorLin","V1",2,"2019_Preston_NorLin","2019_Preston_V1_4","2019_Preston_V1_7","2019_Preston_V1_4_7"
715,402,4,7,1,0,715,2019,"Preston","NorLin","V2",2,"2019_Preston_NorLin","2019_Preston_V2_4","2019_Preston_V2_7","2019_Preston_V2_4_7"
715,402,4,7,1,0,715,2019,"Preston","NorLin","V3",3,"2019_Preston_NorLin","2019_Preston_V3_4","2019_Preston_V3_7","2019_Preston_V3_4_7"
715,402,4,7,1,0,715,2019,"Preston","NorLin","W1",1,"2019_Preston_NorLin","2019_Preston_W1_4","2019_Preston_W1_7","2019_Preston_W1_4_7"
715,402,4,7,1,0,715,2019,"Preston","NorLin","W2",3,"2019_Preston_NorLin","2019_Preston_W2_4","2019_Preston_W2_7","2019_Preston_W2_4_7"
715,402,4,7,1,0,715,2019,"Preston","NorLin","W3",5,"2019_Preston_NorLin","2019_Preston_W3_4","2019_Preston_W3_7","2019_Preston_W3_4_7"
715,411,4,8,1,0,715,2019,"Preston","NorLin","STD",2,"2019_Preston_NorLin","2019_Preston_STD_4","2019_Preston_STD_8","2019_Preston_STD_4_8"
715,411,4,8,1,0,715,2019,"Preston","NorLin","V1",2,"2019_Preston_NorLin","2019_Preston_V1_4","2019_Preston_V1_8","2019_Preston_V1_4_8"
715,411,4,8,1,0,715,2019,"Preston","NorLin","V2",2,"2019_Preston_NorLin","2019_Preston_V2_4","2019_Preston_V2_8","2019_Preston_V2_4_8"
715,411,4,8,1,0,715,2019,"Preston","NorLin","V3",2,"2019_Preston_NorLin","2019_Preston_V3_4","2019_Preston_V3_8","2019_Preston_V3_4_8"
715,411,4,8,1,0,715,2019,"Preston","NorLin","W1",1,"2019_Preston_NorLin","2019_Preston_W1_4","2019_Preston_W1_8","2019_Preston_W1_4_8"
715,411,4,8,1,0,715,2019,"Preston","NorLin","W2",1,"2019_Preston_NorLin","2019_Preston_W2_4","2019_Preston_W2_8","2019_Preston_W2_4_8"
715,411,4,8,1,0,715,2019,"Preston","NorLin","W3",1,"2019_Preston_NorLin","2019_Preston_W3_4","2019_Preston_W3_8","2019_Preston_W3_4_8"
715,420,4,9,1,0,715,2019,"Preston","NorLin","STD",2,"2019_Preston_NorLin","2019_Preston_STD_4","2019_Preston_STD_9","2019_Preston_STD_4_9"
715,420,4,9,1,0,715,2019,"Preston","NorLin","V1",2,"2019_Preston_NorLin","2019_Preston_V1_4","2019_Preston_V1_9","2019_Preston_V1_4_9"
715,420,4,9,1,0,715,2019,"Preston","NorLin","V2",1,"2019_Preston_NorLin","2019_Preston_V2_4","2019_Preston_V2_9","2019_Preston_V2_4_9"
715,420,4,9,1,0,715,2019,"Preston","NorLin","V3",3,"2019_Preston_NorLin","2019_Preston_V3_4","2019_Preston_V3_9","2019_Preston_V3_4_9"
715,420,4,9,1,0,715,2019,"Preston","NorLin","W1",1,"2019_Preston_NorLin","2019_Preston_W1_4","2019_Preston_W1_9","2019_Preston_W1_4_9"
715,420,4,9,1,0,715,2019,"Preston","NorLin","W2",4,"2019_Preston_NorLin","2019_Preston_W2_4","2019_Preston_W2_9","2019_Preston_W2_4_9"
715,420,4,9,1,0,715,2019,"Preston","NorLin","W3",3,"2019_Preston_NorLin","2019_Preston_W3_4","2019_Preston_W3_9","2019_Preston_W3_4_9"
715,429,5,1,1,0,715,2019,"Preston","NorLin","STD",3,"2019_Preston_NorLin","2019_Preston_STD_5","2019_Preston_STD_1","2019_Preston_STD_5_1"
715,429,5,1,1,0,715,2019,"Preston","NorLin","V1",2,"2019_Preston_NorLin","2019_Preston_V1_5","2019_Preston_V1_1","2019_Preston_V1_5_1"
715,429,5,1,1,0,715,2019,"Preston","NorLin","V2",1,"2019_Preston_NorLin","2019_Preston_V2_5","2019_Preston_V2_1","2019_Preston_V2_5_1"
715,429,5,1,1,0,715,2019,"Preston","NorLin","V3",2,"2019_Preston_NorLin","2019_Preston_V3_5","2019_Preston_V3_1","2019_Preston_V3_5_1"
715,429,5,1,1,0,715,2019,"Preston","NorLin","W1",1,"2019_Preston_NorLin","2019_Preston_W1_5","2019_Preston_W1_1","2019_Preston_W1_5_1"
715,429,5,1,1,0,715,2019,"Preston","NorLin","W2",1,"2019_Preston_NorLin","2019_Preston_W2_5","2019_Preston_W2_1","2019_Preston_W2_5_1"
715,429,5,1,1,0,715,2019,"Preston","NorLin","W3",0,"2019_Preston_NorLin","2019_Preston_W3_5","2019_Preston_W3_1","2019_Preston_W3_5_1"
715,438,5,2,1,0,715,2019,"Preston","NorLin","STD",3,"2019_Preston_NorLin","2019_Preston_STD_5","2019_Preston_STD_2","2019_Preston_STD_5_2"
715,438,5,2,1,0,715,2019,"Preston","NorLin","V1",3,"2019_Preston_NorLin","2019_Preston_V1_5","2019_Preston_V1_2","2019_Preston_V1_5_2"
715,438,5,2,1,0,715,2019,"Preston","NorLin","V2",4,"2019_Preston_NorLin","2019_Preston_V2_5","2019_Preston_V2_2","2019_Preston_V2_5_2"
715,438,5,2,1,0,715,2019,"Preston","NorLin","V3",3,"2019_Preston_NorLin","2019_Preston_V3_5","2019_Preston_V3_2","2019_Preston_V3_5_2"
715,438,5,2,1,0,715,2019,"Preston","NorLin","W1",1,"2019_Preston_NorLin","2019_Preston_W1_5","2019_Preston_W1_2","2019_Preston_W1_5_2"
715,438,5,2,1,0,715,2019,"Preston","NorLin","W2",2,"2019_Preston_NorLin","2019_Preston_W2_5","2019_Preston_W2_2","2019_Preston_W2_5_2"
715,438,5,2,1,0,715,2019,"Preston","NorLin","W3",2,"2019_Preston_NorLin","2019_Preston_W3_5","2019_Preston_W3_2","2019_Preston_W3_5_2"
715,447,5,3,1,0,715,2019,"Preston","NorLin","STD",2,"2019_Preston_NorLin","2019_Preston_STD_5","2019_Preston_STD_3","2019_Preston_STD_5_3"
715,447,5,3,1,0,715,2019,"Preston","NorLin","V1",3,"2019_Preston_NorLin","2019_Preston_V1_5","2019_Preston_V1_3","2019_Preston_V1_5_3"
715,447,5,3,1,0,715,2019,"Preston","NorLin","V2",3,"2019_Preston_NorLin","2019_Preston_V2_5","2019_Preston_V2_3","2019_Preston_V2_5_3"
715,447,5,3,1,0,715,2019,"Preston","NorLin","V3",3,"2019_Preston_NorLin","2019_Preston_V3_5","2019_Preston_V3_3","2019_Preston_V3_5_3"
715,447,5,3,1,0,715,2019,"Preston","NorLin","W1",1,"2019_Preston_NorLin","2019_Preston_W1_5","2019_Preston_W1_3","2019_Preston_W1_5_3"
715,447,5,3,1,0,715,2019,"Preston","NorLin","W2",2,"2019_Preston_NorLin","2019_Preston_W2_5","2019_Preston_W2_3","2019_Preston_W2_5_3"
715,447,5,3,1,0,715,2019,"Preston","NorLin","W3",4,"2019_Preston_NorLin","2019_Preston_W3_5","2019_Preston_W3_3","2019_Preston_W3_5_3"
715,456,5,4,1,0,715,2019,"Preston","NorLin","STD",2,"2019_Preston_NorLin","2019_Preston_STD_5","2019_Preston_STD_4","2019_Preston_STD_5_4"
715,456,5,4,1,0,715,2019,"Preston","NorLin","V1",3,"2019_Preston_NorLin","2019_Preston_V1_5","2019_Preston_V1_4","2019_Preston_V1_5_4"
715,456,5,4,1,0,715,2019,"Preston","NorLin","V2",2,"2019_Preston_NorLin","2019_Preston_V2_5","2019_Preston_V2_4","2019_Preston_V2_5_4"
715,456,5,4,1,0,715,2019,"Preston","NorLin","V3",2,"2019_Preston_NorLin","2019_Preston_V3_5","2019_Preston_V3_4","2019_Preston_V3_5_4"
715,456,5,4,1,0,715,2019,"Preston","NorLin","W1",1,"2019_Preston_NorLin","2019_Preston_W1_5","2019_Preston_W1_4","2019_Preston_W1_5_4"
715,456,5,4,1,0,715,2019,"Preston","NorLin","W2",4,"2019_Preston_NorLin","2019_Preston_W2_5","2019_Preston_W2_4","2019_Preston_W2_5_4"
715,456,5,4,1,0,715,2019,"Preston","NorLin","W3",2,"2019_Preston_NorLin","2019_Preston_W3_5","2019_Preston_W3_4","2019_Preston_W3_5_4"
715,465,5,5,1,0,715,2019,"Preston","NorLin","STD",2,"2019_Preston_NorLin","2019_Preston_STD_5","2019_Preston_STD_5","2019_Preston_STD_5_5"
715,465,5,5,1,0,715,2019,"Preston","NorLin","V1",2,"2019_Preston_NorLin","2019_Preston_V1_5","2019_Preston_V1_5","2019_Preston_V1_5_5"
715,465,5,5,1,0,715,2019,"Preston","NorLin","V2",1,"2019_Preston_NorLin","2019_Preston_V2_5","2019_Preston_V2_5","2019_Preston_V2_5_5"
715,465,5,5,1,0,715,2019,"Preston","NorLin","V3",1,"2019_Preston_NorLin","2019_Preston_V3_5","2019_Preston_V3_5","2019_Preston_V3_5_5"
715,465,5,5,1,0,715,2019,"Preston","NorLin","W1",1,"2019_Preston_NorLin","2019_Preston_W1_5","2019_Preston_W1_5","2019_Preston_W1_5_5"
715,465,5,5,1,0,715,2019,"Preston","NorLin","W2",4,"2019_Preston_NorLin","2019_Preston_W2_5","2019_Preston_W2_5","2019_Preston_W2_5_5"
715,465,5,5,1,0,715,2019,"Preston","NorLin","W3",2,"2019_Preston_NorLin","2019_Preston_W3_5","2019_Preston_W3_5","2019_Preston_W3_5_5"
715,474,5,6,1,0,715,2019,"Preston","NorLin","STD",3,"2019_Preston_NorLin","2019_Preston_STD_5","2019_Preston_STD_6","2019_Preston_STD_5_6"
715,474,5,6,1,0,715,2019,"Preston","NorLin","V1",3,"2019_Preston_NorLin","2019_Preston_V1_5","2019_Preston_V1_6","2019_Preston_V1_5_6"
715,474,5,6,1,0,715,2019,"Preston","NorLin","V2",1,"2019_Preston_NorLin","2019_Preston_V2_5","2019_Preston_V2_6","2019_Preston_V2_5_6"
715,474,5,6,1,0,715,2019,"Preston","NorLin","V3",2,"2019_Preston_NorLin","2019_Preston_V3_5","2019_Preston_V3_6","2019_Preston_V3_5_6"
715,474,5,6,1,0,715,2019,"Preston","NorLin","W1",2,"2019_Preston_NorLin","2019_Preston_W1_5","2019_Preston_W1_6","2019_Preston_W1_5_6"
715,474,5,6,1,0,715,2019,"Preston","NorLin","W2",5,"2019_Preston_NorLin","2019_Preston_W2_5","2019_Preston_W2_6","2019_Preston_W2_5_6"
715,474,5,6,1,0,715,2019,"Preston","NorLin","W3",2,"2019_Preston_NorLin","2019_Preston_W3_5","2019_Preston_W3_6","2019_Preston_W3_5_6"
715,483,5,7,1,0,715,2019,"Preston","NorLin","STD",2,"2019_Preston_NorLin","2019_Preston_STD_5","2019_Preston_STD_7","2019_Preston_STD_5_7"
715,483,5,7,1,0,715,2019,"Preston","NorLin","V1",3,"2019_Preston_NorLin","2019_Preston_V1_5","2019_Preston_V1_7","2019_Preston_V1_5_7"
715,483,5,7,1,0,715,2019,"Preston","NorLin","V2",2,"2019_Preston_NorLin","2019_Preston_V2_5","2019_Preston_V2_7","2019_Preston_V2_5_7"
715,483,5,7,1,0,715,2019,"Preston","NorLin","V3",1,"2019_Preston_NorLin","2019_Preston_V3_5","2019_Preston_V3_7","2019_Preston_V3_5_7"
715,483,5,7,1,0,715,2019,"Preston","NorLin","W1",2,"2019_Preston_NorLin","2019_Preston_W1_5","2019_Preston_W1_7","2019_Preston_W1_5_7"
715,483,5,7,1,0,715,2019,"Preston","NorLin","W2",5,"2019_Preston_NorLin","2019_Preston_W2_5","2019_Preston_W2_7","2019_Preston_W2_5_7"
715,483,5,7,1,0,715,2019,"Preston","NorLin","W3",2,"2019_Preston_NorLin","2019_Preston_W3_5","2019_Preston_W3_7","2019_Preston_W3_5_7"
715,492,5,8,1,0,715,2019,"Preston","NorLin","STD",3,"2019_Preston_NorLin","2019_Preston_STD_5","2019_Preston_STD_8","2019_Preston_STD_5_8"
715,492,5,8,1,0,715,2019,"Preston","NorLin","V1",2,"2019_Preston_NorLin","2019_Preston_V1_5","2019_Preston_V1_8","2019_Preston_V1_5_8"
715,492,5,8,1,0,715,2019,"Preston","NorLin","V2",2,"2019_Preston_NorLin","2019_Preston_V2_5","2019_Preston_V2_8","2019_Preston_V2_5_8"
715,492,5,8,1,0,715,2019,"Preston","NorLin","V3",2,"2019_Preston_NorLin","2019_Preston_V3_5","2019_Preston_V3_8","2019_Preston_V3_5_8"
715,492,5,8,1,0,715,2019,"Preston","NorLin","W1",1,"2019_Preston_NorLin","2019_Preston_W1_5","2019_Preston_W1_8","2019_Preston_W1_5_8"
715,492,5,8,1,0,715,2019,"Preston","NorLin","W2",4,"2019_Preston_NorLin","2019_Preston_W2_5","2019_Preston_W2_8","2019_Preston_W2_5_8"
715,492,5,8,1,0,715,2019,"Preston","NorLin","W3",3,"2019_Preston_NorLin","2019_Preston_W3_5","2019_Preston_W3_8","2019_Preston_W3_5_8"
715,501,5,9,1,0,715,2019,"Preston","NorLin","STD",2,"2019_Preston_NorLin","2019_Preston_STD_5","2019_Preston_STD_9","2019_Preston_STD_5_9"
715,501,5,9,1,0,715,2019,"Preston","NorLin","V1",2,"2019_Preston_NorLin","2019_Preston_V1_5","2019_Preston_V1_9","2019_Preston_V1_5_9"
715,501,5,9,1,0,715,2019,"Preston","NorLin","V2",2,"2019_Preston_NorLin","2019_Preston_V2_5","2019_Preston_V2_9","2019_Preston_V2_5_9"
715,501,5,9,1,0,715,2019,"Preston","NorLin","V3",2,"2019_Preston_NorLin","2019_Preston_V3_5","2019_Preston_V3_9","2019_Preston_V3_5_9"
715,501,5,9,1,0,715,2019,"Preston","NorLin","W1",1,"2019_Preston_NorLin","2019_Preston_W1_5","2019_Preston_W1_9","2019_Preston_W1_5_9"
715,501,5,9,1,0,715,2019,"Preston","NorLin","W2",2,"2019_Preston_NorLin","2019_Preston_W2_5","2019_Preston_W2_9","2019_Preston_W2_5_9"
715,501,5,9,1,0,715,2019,"Preston","NorLin","W3",2,"2019_Preston_NorLin","2019_Preston_W3_5","2019_Preston_W3_9","2019_Preston_W3_5_9"
715,510,6,1,1,0,715,2019,"Preston","NorLin","STD",3,"2019_Preston_NorLin","2019_Preston_STD_6","2019_Preston_STD_1","2019_Preston_STD_6_1"
715,510,6,1,1,0,715,2019,"Preston","NorLin","V1",2,"2019_Preston_NorLin","2019_Preston_V1_6","2019_Preston_V1_1","2019_Preston_V1_6_1"
715,510,6,1,1,0,715,2019,"Preston","NorLin","V2",1,"2019_Preston_NorLin","2019_Preston_V2_6","2019_Preston_V2_1","2019_Preston_V2_6_1"
715,510,6,1,1,0,715,2019,"Preston","NorLin","V3",1,"2019_Preston_NorLin","2019_Preston_V3_6","2019_Preston_V3_1","2019_Preston_V3_6_1"
715,510,6,1,1,0,715,2019,"Preston","NorLin","W1",1,"2019_Preston_NorLin","2019_Preston_W1_6","2019_Preston_W1_1","2019_Preston_W1_6_1"
715,510,6,1,1,0,715,2019,"Preston","NorLin","W2",2,"2019_Preston_NorLin","2019_Preston_W2_6","2019_Preston_W2_1","2019_Preston_W2_6_1"
715,510,6,1,1,0,715,2019,"Preston","NorLin","W3",2,"2019_Preston_NorLin","2019_Preston_W3_6","2019_Preston_W3_1","2019_Preston_W3_6_1"
715,519,6,2,1,0,715,2019,"Preston","NorLin","STD",3,"2019_Preston_NorLin","2019_Preston_STD_6","2019_Preston_STD_2","2019_Preston_STD_6_2"
715,519,6,2,1,0,715,2019,"Preston","NorLin","V1",3,"2019_Preston_NorLin","2019_Preston_V1_6","2019_Preston_V1_2","2019_Preston_V1_6_2"
715,519,6,2,1,0,715,2019,"Preston","NorLin","V2",3,"2019_Preston_NorLin","2019_Preston_V2_6","2019_Preston_V2_2","2019_Preston_V2_6_2"
715,519,6,2,1,0,715,2019,"Preston","NorLin","V3",2,"2019_Preston_NorLin","2019_Preston_V3_6","2019_Preston_V3_2","2019_Preston_V3_6_2"
715,519,6,2,1,0,715,2019,"Preston","NorLin","W1",2,"2019_Preston_NorLin","2019_Preston_W1_6","2019_Preston_W1_2","2019_Preston_W1_6_2"
715,519,6,2,1,0,715,2019,"Preston","NorLin","W2",1,"2019_Preston_NorLin","2019_Preston_W2_6","2019_Preston_W2_2","2019_Preston_W2_6_2"
715,519,6,2,1,0,715,2019,"Preston","NorLin","W3",1,"2019_Preston_NorLin","2019_Preston_W3_6","2019_Preston_W3_2","2019_Preston_W3_6_2"
715,528,6,3,1,0,715,2019,"Preston","NorLin","STD",3,"2019_Preston_NorLin","2019_Preston_STD_6","2019_Preston_STD_3","2019_Preston_STD_6_3"
715,528,6,3,1,0,715,2019,"Preston","NorLin","V1",3,"2019_Preston_NorLin","2019_Preston_V1_6","2019_Preston_V1_3","2019_Preston_V1_6_3"
715,528,6,3,1,0,715,2019,"Preston","NorLin","V2",2,"2019_Preston_NorLin","2019_Preston_V2_6","2019_Preston_V2_3","2019_Preston_V2_6_3"
715,528,6,3,1,0,715,2019,"Preston","NorLin","V3",2,"2019_Preston_NorLin","2019_Preston_V3_6","2019_Preston_V3_3","2019_Preston_V3_6_3"
715,528,6,3,1,0,715,2019,"Preston","NorLin","W1",2,"2019_Preston_NorLin","2019_Preston_W1_6","2019_Preston_W1_3","2019_Preston_W1_6_3"
715,528,6,3,1,0,715,2019,"Preston","NorLin","W2",4,"2019_Preston_NorLin","2019_Preston_W2_6","2019_Preston_W2_3","2019_Preston_W2_6_3"
715,528,6,3,1,0,715,2019,"Preston","NorLin","W3",2,"2019_Preston_NorLin","2019_Preston_W3_6","2019_Preston_W3_3","2019_Preston_W3_6_3"
715,537,6,4,1,0,715,2019,"Preston","NorLin","STD",3,"2019_Preston_NorLin","2019_Preston_STD_6","2019_Preston_STD_4","2019_Preston_STD_6_4"
715,537,6,4,1,0,715,2019,"Preston","NorLin","V1",3,"2019_Preston_NorLin","2019_Preston_V1_6","2019_Preston_V1_4","2019_Preston_V1_6_4"
715,537,6,4,1,0,715,2019,"Preston","NorLin","V2",2,"2019_Preston_NorLin","2019_Preston_V2_6","2019_Preston_V2_4","2019_Preston_V2_6_4"
715,537,6,4,1,0,715,2019,"Preston","NorLin","V3",2,"2019_Preston_NorLin","2019_Preston_V3_6","2019_Preston_V3_4","2019_Preston_V3_6_4"
715,537,6,4,1,0,715,2019,"Preston","NorLin","W1",2,"2019_Preston_NorLin","2019_Preston_W1_6","2019_Preston_W1_4","2019_Preston_W1_6_4"
715,537,6,4,1,0,715,2019,"Preston","NorLin","W2",4,"2019_Preston_NorLin","2019_Preston_W2_6","2019_Preston_W2_4","2019_Preston_W2_6_4"
715,537,6,4,1,0,715,2019,"Preston","NorLin","W3",1,"2019_Preston_NorLin","2019_Preston_W3_6","2019_Preston_W3_4","2019_Preston_W3_6_4"
715,546,6,5,1,0,715,2019,"Preston","NorLin","STD",2,"2019_Preston_NorLin","2019_Preston_STD_6","2019_Preston_STD_5","2019_Preston_STD_6_5"
715,546,6,5,1,0,715,2019,"Preston","NorLin","V1",2,"2019_Preston_NorLin","2019_Preston_V1_6","2019_Preston_V1_5","2019_Preston_V1_6_5"
715,546,6,5,1,0,715,2019,"Preston","NorLin","V2",1,"2019_Preston_NorLin","2019_Preston_V2_6","2019_Preston_V2_5","2019_Preston_V2_6_5"
715,546,6,5,1,0,715,2019,"Preston","NorLin","V3",1,"2019_Preston_NorLin","2019_Preston_V3_6","2019_Preston_V3_5","2019_Preston_V3_6_5"
715,546,6,5,1,0,715,2019,"Preston","NorLin","W1",2,"2019_Preston_NorLin","2019_Preston_W1_6","2019_Preston_W1_5","2019_Preston_W1_6_5"
715,546,6,5,1,0,715,2019,"Preston","NorLin","W2",4,"2019_Preston_NorLin","2019_Preston_W2_6","2019_Preston_W2_5","2019_Preston_W2_6_5"
715,546,6,5,1,0,715,2019,"Preston","NorLin","W3",1,"2019_Preston_NorLin","2019_Preston_W3_6","2019_Preston_W3_5","2019_Preston_W3_6_5"
715,555,6,6,1,0,715,2019,"Preston","NorLin","STD",1,"2019_Preston_NorLin","2019_Preston_STD_6","2019_Preston_STD_6","2019_Preston_STD_6_6"
715,555,6,6,1,0,715,2019,"Preston","NorLin","V1",2,"2019_Preston_NorLin","2019_Preston_V1_6","2019_Preston_V1_6","2019_Preston_V1_6_6"
715,555,6,6,1,0,715,2019,"Preston","NorLin","V2",1,"2019_Preston_NorLin","2019_Preston_V2_6","2019_Preston_V2_6","2019_Preston_V2_6_6"
715,555,6,6,1,0,715,2019,"Preston","NorLin","V3",2,"2019_Preston_NorLin","2019_Preston_V3_6","2019_Preston_V3_6","2019_Preston_V3_6_6"
715,555,6,6,1,0,715,2019,"Preston","NorLin","W1",0,"2019_Preston_NorLin","2019_Preston_W1_6","2019_Preston_W1_6","2019_Preston_W1_6_6"
715,555,6,6,1,0,715,2019,"Preston","NorLin","W2",4,"2019_Preston_NorLin","2019_Preston_W2_6","2019_Preston_W2_6","2019_Preston_W2_6_6"
715,555,6,6,1,0,715,2019,"Preston","NorLin","W3",2,"2019_Preston_NorLin","2019_Preston_W3_6","2019_Preston_W3_6","2019_Preston_W3_6_6"
715,564,6,7,1,0,715,2019,"Preston","NorLin","STD",3,"2019_Preston_NorLin","2019_Preston_STD_6","2019_Preston_STD_7","2019_Preston_STD_6_7"
715,564,6,7,1,0,715,2019,"Preston","NorLin","V1",2,"2019_Preston_NorLin","2019_Preston_V1_6","2019_Preston_V1_7","2019_Preston_V1_6_7"
715,564,6,7,1,0,715,2019,"Preston","NorLin","V2",2,"2019_Preston_NorLin","2019_Preston_V2_6","2019_Preston_V2_7","2019_Preston_V2_6_7"
715,564,6,7,1,0,715,2019,"Preston","NorLin","V3",2,"2019_Preston_NorLin","2019_Preston_V3_6","2019_Preston_V3_7","2019_Preston_V3_6_7"
715,564,6,7,1,0,715,2019,"Preston","NorLin","W1",4,"2019_Preston_NorLin","2019_Preston_W1_6","2019_Preston_W1_7","2019_Preston_W1_6_7"
715,564,6,7,1,0,715,2019,"Preston","NorLin","W2",4,"2019_Preston_NorLin","2019_Preston_W2_6","2019_Preston_W2_7","2019_Preston_W2_6_7"
715,564,6,7,1,0,715,2019,"Preston","NorLin","W3",2,"2019_Preston_NorLin","2019_Preston_W3_6","2019_Preston_W3_7","2019_Preston_W3_6_7"
715,573,6,8,1,0,715,2019,"Preston","NorLin","STD",2,"2019_Preston_NorLin","2019_Preston_STD_6","2019_Preston_STD_8","2019_Preston_STD_6_8"
715,573,6,8,1,0,715,2019,"Preston","NorLin","V1",2,"2019_Preston_NorLin","2019_Preston_V1_6","2019_Preston_V1_8","2019_Preston_V1_6_8"
715,573,6,8,1,0,715,2019,"Preston","NorLin","V2",2,"2019_Preston_NorLin","2019_Preston_V2_6","2019_Preston_V2_8","2019_Preston_V2_6_8"
715,573,6,8,1,0,715,2019,"Preston","NorLin","V3",2,"2019_Preston_NorLin","2019_Preston_V3_6","2019_Preston_V3_8","2019_Preston_V3_6_8"
715,573,6,8,1,0,715,2019,"Preston","NorLin","W1",0,"2019_Preston_NorLin","2019_Preston_W1_6","2019_Preston_W1_8","2019_Preston_W1_6_8"
715,573,6,8,1,0,715,2019,"Preston","NorLin","W2",4,"2019_Preston_NorLin","2019_Preston_W2_6","2019_Preston_W2_8","2019_Preston_W2_6_8"
715,573,6,8,1,0,715,2019,"Preston","NorLin","W3",2,"2019_Preston_NorLin","2019_Preston_W3_6","2019_Preston_W3_8","2019_Preston_W3_6_8"
715,582,6,9,1,0,715,2019,"Preston","NorLin","STD",3,"2019_Preston_NorLin","2019_Preston_STD_6","2019_Preston_STD_9","2019_Preston_STD_6_9"
715,582,6,9,1,0,715,2019,"Preston","NorLin","V1",3,"2019_Preston_NorLin","2019_Preston_V1_6","2019_Preston_V1_9","2019_Preston_V1_6_9"
715,582,6,9,1,0,715,2019,"Preston","NorLin","V2",3,"2019_Preston_NorLin","2019_Preston_V2_6","2019_Preston_V2_9","2019_Preston_V2_6_9"
715,582,6,9,1,0,715,2019,"Preston","NorLin","V3",2,"2019_Preston_NorLin","2019_Preston_V3_6","2019_Preston_V3_9","2019_Preston_V3_6_9"
715,582,6,9,1,0,715,2019,"Preston","NorLin","W1",0,"2019_Preston_NorLin","2019_Preston_W1_6","2019_Preston_W1_9","2019_Preston_W1_6_9"
715,582,6,9,1,0,715,2019,"Preston","NorLin","W2",3,"2019_Preston_NorLin","2019_Preston_W2_6","2019_Preston_W2_9","2019_Preston_W2_6_9"
715,582,6,9,1,0,715,2019,"Preston","NorLin","W3",2,"2019_Preston_NorLin","2019_Preston_W3_6","2019_Preston_W3_9","2019_Preston_W3_6_9"
715,591,7,1,1,0,715,2019,"Preston","NorLin","STD",3,"2019_Preston_NorLin","2019_Preston_STD_7","2019_Preston_STD_1","2019_Preston_STD_7_1"
715,591,7,1,1,0,715,2019,"Preston","NorLin","V1",3,"2019_Preston_NorLin","2019_Preston_V1_7","2019_Preston_V1_1","2019_Preston_V1_7_1"
715,591,7,1,1,0,715,2019,"Preston","NorLin","V2",2,"2019_Preston_NorLin","2019_Preston_V2_7","2019_Preston_V2_1","2019_Preston_V2_7_1"
715,591,7,1,1,0,715,2019,"Preston","NorLin","V3",1,"2019_Preston_NorLin","2019_Preston_V3_7","2019_Preston_V3_1","2019_Preston_V3_7_1"
715,591,7,1,1,0,715,2019,"Preston","NorLin","W1",4,"2019_Preston_NorLin","2019_Preston_W1_7","2019_Preston_W1_1","2019_Preston_W1_7_1"
715,591,7,1,1,0,715,2019,"Preston","NorLin","W2",3,"2019_Preston_NorLin","2019_Preston_W2_7","2019_Preston_W2_1","2019_Preston_W2_7_1"
715,591,7,1,1,0,715,2019,"Preston","NorLin","W3",2,"2019_Preston_NorLin","2019_Preston_W3_7","2019_Preston_W3_1","2019_Preston_W3_7_1"
715,600,7,2,1,0,715,2019,"Preston","NorLin","STD",3,"2019_Preston_NorLin","2019_Preston_STD_7","2019_Preston_STD_2","2019_Preston_STD_7_2"
715,600,7,2,1,0,715,2019,"Preston","NorLin","V1",3,"2019_Preston_NorLin","2019_Preston_V1_7","2019_Preston_V1_2","2019_Preston_V1_7_2"
715,600,7,2,1,0,715,2019,"Preston","NorLin","V2",3,"2019_Preston_NorLin","2019_Preston_V2_7","2019_Preston_V2_2","2019_Preston_V2_7_2"
715,600,7,2,1,0,715,2019,"Preston","NorLin","V3",1,"2019_Preston_NorLin","2019_Preston_V3_7","2019_Preston_V3_2","2019_Preston_V3_7_2"
715,600,7,2,1,0,715,2019,"Preston","NorLin","W1",4,"2019_Preston_NorLin","2019_Preston_W1_7","2019_Preston_W1_2","2019_Preston_W1_7_2"
715,600,7,2,1,0,715,2019,"Preston","NorLin","W2",4,"2019_Preston_NorLin","2019_Preston_W2_7","2019_Preston_W2_2","2019_Preston_W2_7_2"
715,600,7,2,1,0,715,2019,"Preston","NorLin","W3",1,"2019_Preston_NorLin","2019_Preston_W3_7","2019_Preston_W3_2","2019_Preston_W3_7_2"
715,609,7,3,1,0,715,2019,"Preston","NorLin","STD",3,"2019_Preston_NorLin","2019_Preston_STD_7","2019_Preston_STD_3","2019_Preston_STD_7_3"
715,609,7,3,1,0,715,2019,"Preston","NorLin","V1",3,"2019_Preston_NorLin","2019_Preston_V1_7","2019_Preston_V1_3","2019_Preston_V1_7_3"
715,609,7,3,1,0,715,2019,"Preston","NorLin","V2",2,"2019_Preston_NorLin","2019_Preston_V2_7","2019_Preston_V2_3","2019_Preston_V2_7_3"
715,609,7,3,1,0,715,2019,"Preston","NorLin","V3",1,"2019_Preston_NorLin","2019_Preston_V3_7","2019_Preston_V3_3","2019_Preston_V3_7_3"
715,609,7,3,1,0,715,2019,"Preston","NorLin","W1",4,"2019_Preston_NorLin","2019_Preston_W1_7","2019_Preston_W1_3","2019_Preston_W1_7_3"
715,609,7,3,1,0,715,2019,"Preston","NorLin","W2",4,"2019_Preston_NorLin","2019_Preston_W2_7","2019_Preston_W2_3","2019_Preston_W2_7_3"
715,609,7,3,1,0,715,2019,"Preston","NorLin","W3",1,"2019_Preston_NorLin","2019_Preston_W3_7","2019_Preston_W3_3","2019_Preston_W3_7_3"
715,618,7,4,1,0,715,2019,"Preston","NorLin","STD",3,"2019_Preston_NorLin","2019_Preston_STD_7","2019_Preston_STD_4","2019_Preston_STD_7_4"
715,618,7,4,1,0,715,2019,"Preston","NorLin","V1",3,"2019_Preston_NorLin","2019_Preston_V1_7","2019_Preston_V1_4","2019_Preston_V1_7_4"
715,618,7,4,1,0,715,2019,"Preston","NorLin","V2",3,"2019_Preston_NorLin","2019_Preston_V2_7","2019_Preston_V2_4","2019_Preston_V2_7_4"
715,618,7,4,1,0,715,2019,"Preston","NorLin","V3",1,"2019_Preston_NorLin","2019_Preston_V3_7","2019_Preston_V3_4","2019_Preston_V3_7_4"
715,618,7,4,1,0,715,2019,"Preston","NorLin","W1",4,"2019_Preston_NorLin","2019_Preston_W1_7","2019_Preston_W1_4","2019_Preston_W1_7_4"
715,618,7,4,1,0,715,2019,"Preston","NorLin","W2",4,"2019_Preston_NorLin","2019_Preston_W2_7","2019_Preston_W2_4","2019_Preston_W2_7_4"
715,618,7,4,1,0,715,2019,"Preston","NorLin","W3",2,"2019_Preston_NorLin","2019_Preston_W3_7","2019_Preston_W3_4","2019_Preston_W3_7_4"
715,627,7,5,1,0,715,2019,"Preston","NorLin","STD",3,"2019_Preston_NorLin","2019_Preston_STD_7","2019_Preston_STD_5","2019_Preston_STD_7_5"
715,627,7,5,1,0,715,2019,"Preston","NorLin","V1",3,"2019_Preston_NorLin","2019_Preston_V1_7","2019_Preston_V1_5","2019_Preston_V1_7_5"
715,627,7,5,1,0,715,2019,"Preston","NorLin","V2",2,"2019_Preston_NorLin","2019_Preston_V2_7","2019_Preston_V2_5","2019_Preston_V2_7_5"
715,627,7,5,1,0,715,2019,"Preston","NorLin","V3",1,"2019_Preston_NorLin","2019_Preston_V3_7","2019_Preston_V3_5","2019_Preston_V3_7_5"
715,627,7,5,1,0,715,2019,"Preston","NorLin","W1",4,"2019_Preston_NorLin","2019_Preston_W1_7","2019_Preston_W1_5","2019_Preston_W1_7_5"
715,627,7,5,1,0,715,2019,"Preston","NorLin","W2",4,"2019_Preston_NorLin","2019_Preston_W2_7","2019_Preston_W2_5","2019_Preston_W2_7_5"
715,627,7,5,1,0,715,2019,"Preston","NorLin","W3",1,"2019_Preston_NorLin","2019_Preston_W3_7","2019_Preston_W3_5","2019_Preston_W3_7_5"
715,636,7,6,1,0,715,2019,"Preston","NorLin","STD",2,"2019_Preston_NorLin","2019_Preston_STD_7","2019_Preston_STD_6","2019_Preston_STD_7_6"
715,636,7,6,1,0,715,2019,"Preston","NorLin","V1",2,"2019_Preston_NorLin","2019_Preston_V1_7","2019_Preston_V1_6","2019_Preston_V1_7_6"
715,636,7,6,1,0,715,2019,"Preston","NorLin","V2",2,"2019_Preston_NorLin","2019_Preston_V2_7","2019_Preston_V2_6","2019_Preston_V2_7_6"
715,636,7,6,1,0,715,2019,"Preston","NorLin","V3",2,"2019_Preston_NorLin","2019_Preston_V3_7","2019_Preston_V3_6","2019_Preston_V3_7_6"
715,636,7,6,1,0,715,2019,"Preston","NorLin","W1",4,"2019_Preston_NorLin","2019_Preston_W1_7","2019_Preston_W1_6","2019_Preston_W1_7_6"
715,636,7,6,1,0,715,2019,"Preston","NorLin","W2",4,"2019_Preston_NorLin","2019_Preston_W2_7","2019_Preston_W2_6","2019_Preston_W2_7_6"
715,636,7,6,1,0,715,2019,"Preston","NorLin","W3",3,"2019_Preston_NorLin","2019_Preston_W3_7","2019_Preston_W3_6","2019_Preston_W3_7_6"
715,645,7,7,1,0,715,2019,"Preston","NorLin","STD",2,"2019_Preston_NorLin","2019_Preston_STD_7","2019_Preston_STD_7","2019_Preston_STD_7_7"
715,645,7,7,1,0,715,2019,"Preston","NorLin","V1",2,"2019_Preston_NorLin","2019_Preston_V1_7","2019_Preston_V1_7","2019_Preston_V1_7_7"
715,645,7,7,1,0,715,2019,"Preston","NorLin","V2",2,"2019_Preston_NorLin","2019_Preston_V2_7","2019_Preston_V2_7","2019_Preston_V2_7_7"
715,645,7,7,1,0,715,2019,"Preston","NorLin","V3",2,"2019_Preston_NorLin","2019_Preston_V3_7","2019_Preston_V3_7","2019_Preston_V3_7_7"
715,645,7,7,1,0,715,2019,"Preston","NorLin","W1",4,"2019_Preston_NorLin","2019_Preston_W1_7","2019_Preston_W1_7","2019_Preston_W1_7_7"
715,645,7,7,1,0,715,2019,"Preston","NorLin","W2",4,"2019_Preston_NorLin","2019_Preston_W2_7","2019_Preston_W2_7","2019_Preston_W2_7_7"
715,645,7,7,1,0,715,2019,"Preston","NorLin","W3",1,"2019_Preston_NorLin","2019_Preston_W3_7","2019_Preston_W3_7","2019_Preston_W3_7_7"
715,654,7,8,1,0,715,2019,"Preston","NorLin","STD",3,"2019_Preston_NorLin","2019_Preston_STD_7","2019_Preston_STD_8","2019_Preston_STD_7_8"
715,654,7,8,1,0,715,2019,"Preston","NorLin","V1",3,"2019_Preston_NorLin","2019_Preston_V1_7","2019_Preston_V1_8","2019_Preston_V1_7_8"
715,654,7,8,1,0,715,2019,"Preston","NorLin","V2",3,"2019_Preston_NorLin","2019_Preston_V2_7","2019_Preston_V2_8","2019_Preston_V2_7_8"
715,654,7,8,1,0,715,2019,"Preston","NorLin","V3",2,"2019_Preston_NorLin","2019_Preston_V3_7","2019_Preston_V3_8","2019_Preston_V3_7_8"
715,654,7,8,1,0,715,2019,"Preston","NorLin","W1",5,"2019_Preston_NorLin","2019_Preston_W1_7","2019_Preston_W1_8","2019_Preston_W1_7_8"
715,654,7,8,1,0,715,2019,"Preston","NorLin","W2",4,"2019_Preston_NorLin","2019_Preston_W2_7","2019_Preston_W2_8","2019_Preston_W2_7_8"
715,654,7,8,1,0,715,2019,"Preston","NorLin","W3",2,"2019_Preston_NorLin","2019_Preston_W3_7","2019_Preston_W3_8","2019_Preston_W3_7_8"
715,663,7,9,1,0,715,2019,"Preston","NorLin","STD",2,"2019_Preston_NorLin","2019_Preston_STD_7","2019_Preston_STD_9","2019_Preston_STD_7_9"
715,663,7,9,1,0,715,2019,"Preston","NorLin","V1",3,"2019_Preston_NorLin","2019_Preston_V1_7","2019_Preston_V1_9","2019_Preston_V1_7_9"
715,663,7,9,1,0,715,2019,"Preston","NorLin","V2",2,"2019_Preston_NorLin","2019_Preston_V2_7","2019_Preston_V2_9","2019_Preston_V2_7_9"
715,663,7,9,1,0,715,2019,"Preston","NorLin","V3",2,"2019_Preston_NorLin","2019_Preston_V3_7","2019_Preston_V3_9","2019_Preston_V3_7_9"
715,663,7,9,1,0,715,2019,"Preston","NorLin","W1",0,"2019_Preston_NorLin","2019_Preston_W1_7","2019_Preston_W1_9","2019_Preston_W1_7_9"
715,663,7,9,1,0,715,2019,"Preston","NorLin","W2",1,"2019_Preston_NorLin","2019_Preston_W2_7","2019_Preston_W2_9","2019_Preston_W2_7_9"
715,663,7,9,1,0,715,2019,"Preston","NorLin","W3",2,"2019_Preston_NorLin","2019_Preston_W3_7","2019_Preston_W3_9","2019_Preston_W3_7_9"
715,672,8,1,1,0,715,2019,"Preston","NorLin","STD",2,"2019_Preston_NorLin","2019_Preston_STD_8","2019_Preston_STD_1","2019_Preston_STD_8_1"
715,672,8,1,1,0,715,2019,"Preston","NorLin","V1",2,"2019_Preston_NorLin","2019_Preston_V1_8","2019_Preston_V1_1","2019_Preston_V1_8_1"
715,672,8,1,1,0,715,2019,"Preston","NorLin","V2",2,"2019_Preston_NorLin","2019_Preston_V2_8","2019_Preston_V2_1","2019_Preston_V2_8_1"
715,672,8,1,1,0,715,2019,"Preston","NorLin","V3",2,"2019_Preston_NorLin","2019_Preston_V3_8","2019_Preston_V3_1","2019_Preston_V3_8_1"
715,672,8,1,1,0,715,2019,"Preston","NorLin","W1",2,"2019_Preston_NorLin","2019_Preston_W1_8","2019_Preston_W1_1","2019_Preston_W1_8_1"
715,672,8,1,1,0,715,2019,"Preston","NorLin","W2",2,"2019_Preston_NorLin","2019_Preston_W2_8","2019_Preston_W2_1","2019_Preston_W2_8_1"
715,672,8,1,1,0,715,2019,"Preston","NorLin","W3",2,"2019_Preston_NorLin","2019_Preston_W3_8","2019_Preston_W3_1","2019_Preston_W3_8_1"
715,681,8,2,1,0,715,2019,"Preston","NorLin","STD",2,"2019_Preston_NorLin","2019_Preston_STD_8","2019_Preston_STD_2","2019_Preston_STD_8_2"
715,681,8,2,1,0,715,2019,"Preston","NorLin","V1",2,"2019_Preston_NorLin","2019_Preston_V1_8","2019_Preston_V1_2","2019_Preston_V1_8_2"
715,681,8,2,1,0,715,2019,"Preston","NorLin","V2",3,"2019_Preston_NorLin","2019_Preston_V2_8","2019_Preston_V2_2","2019_Preston_V2_8_2"
715,681,8,2,1,0,715,2019,"Preston","NorLin","V3",2,"2019_Preston_NorLin","2019_Preston_V3_8","2019_Preston_V3_2","2019_Preston_V3_8_2"
715,681,8,2,1,0,715,2019,"Preston","NorLin","W1",1,"2019_Preston_NorLin","2019_Preston_W1_8","2019_Preston_W1_2","2019_Preston_W1_8_2"
715,681,8,2,1,0,715,2019,"Preston","NorLin","W2",3,"2019_Preston_NorLin","2019_Preston_W2_8","2019_Preston_W2_2","2019_Preston_W2_8_2"
715,681,8,2,1,0,715,2019,"Preston","NorLin","W3",2,"2019_Preston_NorLin","2019_Preston_W3_8","2019_Preston_W3_2","2019_Preston_W3_8_2"
715,690,8,3,1,0,715,2019,"Preston","NorLin","STD",3,"2019_Preston_NorLin","2019_Preston_STD_8","2019_Preston_STD_3","2019_Preston_STD_8_3"
715,690,8,3,1,0,715,2019,"Preston","NorLin","V1",2,"2019_Preston_NorLin","2019_Preston_V1_8","2019_Preston_V1_3","2019_Preston_V1_8_3"
715,690,8,3,1,0,715,2019,"Preston","NorLin","V2",2,"2019_Preston_NorLin","2019_Preston_V2_8","2019_Preston_V2_3","2019_Preston_V2_8_3"
715,690,8,3,1,0,715,2019,"Preston","NorLin","V3",2,"2019_Preston_NorLin","2019_Preston_V3_8","2019_Preston_V3_3","2019_Preston_V3_8_3"
715,690,8,3,1,0,715,2019,"Preston","NorLin","W1",3,"2019_Preston_NorLin","2019_Preston_W1_8","2019_Preston_W1_3","2019_Preston_W1_8_3"
715,690,8,3,1,0,715,2019,"Preston","NorLin","W2",3,"2019_Preston_NorLin","2019_Preston_W2_8","2019_Preston_W2_3","2019_Preston_W2_8_3"
715,690,8,3,1,0,715,2019,"Preston","NorLin","W3",4,"2019_Preston_NorLin","2019_Preston_W3_8","2019_Preston_W3_3","2019_Preston_W3_8_3"
715,699,8,4,1,0,715,2019,"Preston","NorLin","STD",2,"2019_Preston_NorLin","2019_Preston_STD_8","2019_Preston_STD_4","2019_Preston_STD_8_4"
715,699,8,4,1,0,715,2019,"Preston","NorLin","V1",2,"2019_Preston_NorLin","2019_Preston_V1_8","2019_Preston_V1_4","2019_Preston_V1_8_4"
715,699,8,4,1,0,715,2019,"Preston","NorLin","V2",2,"2019_Preston_NorLin","2019_Preston_V2_8","2019_Preston_V2_4","2019_Preston_V2_8_4"
715,699,8,4,1,0,715,2019,"Preston","NorLin","V3",2,"2019_Preston_NorLin","2019_Preston_V3_8","2019_Preston_V3_4","2019_Preston_V3_8_4"
715,699,8,4,1,0,715,2019,"Preston","NorLin","W1",2,"2019_Preston_NorLin","2019_Preston_W1_8","2019_Preston_W1_4","2019_Preston_W1_8_4"
715,699,8,4,1,0,715,2019,"Preston","NorLin","W2",2,"2019_Preston_NorLin","2019_Preston_W2_8","2019_Preston_W2_4","2019_Preston_W2_8_4"
715,699,8,4,1,0,715,2019,"Preston","NorLin","W3",2,"2019_Preston_NorLin","2019_Preston_W3_8","2019_Preston_W3_4","2019_Preston_W3_8_4"
715,708,8,5,1,0,715,2019,"Preston","NorLin","STD",3,"2019_Preston_NorLin","2019_Preston_STD_8","2019_Preston_STD_5","2019_Preston_STD_8_5"
715,708,8,5,1,0,715,2019,"Preston","NorLin","V1",3,"2019_Preston_NorLin","2019_Preston_V1_8","2019_Preston_V1_5","2019_Preston_V1_8_5"
715,708,8,5,1,0,715,2019,"Preston","NorLin","V2",1,"2019_Preston_NorLin","2019_Preston_V2_8","2019_Preston_V2_5","2019_Preston_V2_8_5"
715,708,8,5,1,0,715,2019,"Preston","NorLin","V3",2,"2019_Preston_NorLin","2019_Preston_V3_8","2019_Preston_V3_5","2019_Preston_V3_8_5"
715,708,8,5,1,0,715,2019,"Preston","NorLin","W1",1,"2019_Preston_NorLin","2019_Preston_W1_8","2019_Preston_W1_5","2019_Preston_W1_8_5"
715,708,8,5,1,0,715,2019,"Preston","NorLin","W2",3,"2019_Preston_NorLin","2019_Preston_W2_8","2019_Preston_W2_5","2019_Preston_W2_8_5"
715,708,8,5,1,0,715,2019,"Preston","NorLin","W3",3,"2019_Preston_NorLin","2019_Preston_W3_8","2019_Preston_W3_5","2019_Preston_W3_8_5"
715,717,8,6,1,0,715,2019,"Preston","NorLin","STD",2,"2019_Preston_NorLin","2019_Preston_STD_8","2019_Preston_STD_6","2019_Preston_STD_8_6"
715,717,8,6,1,0,715,2019,"Preston","NorLin","V1",2,"2019_Preston_NorLin","2019_Preston_V1_8","2019_Preston_V1_6","2019_Preston_V1_8_6"
715,717,8,6,1,0,715,2019,"Preston","NorLin","V2",1,"2019_Preston_NorLin","2019_Preston_V2_8","2019_Preston_V2_6","2019_Preston_V2_8_6"
715,717,8,6,1,0,715,2019,"Preston","NorLin","V3",2,"2019_Preston_NorLin","2019_Preston_V3_8","2019_Preston_V3_6","2019_Preston_V3_8_6"
715,717,8,6,1,0,715,2019,"Preston","NorLin","W1",2,"2019_Preston_NorLin","2019_Preston_W1_8","2019_Preston_W1_6","2019_Preston_W1_8_6"
715,717,8,6,1,0,715,2019,"Preston","NorLin","W2",2,"2019_Preston_NorLin","2019_Preston_W2_8","2019_Preston_W2_6","2019_Preston_W2_8_6"
715,717,8,6,1,0,715,2019,"Preston","NorLin","W3",1,"2019_Preston_NorLin","2019_Preston_W3_8","2019_Preston_W3_6","2019_Preston_W3_8_6"
715,726,8,7,1,0,715,2019,"Preston","NorLin","STD",3,"2019_Preston_NorLin","2019_Preston_STD_8","2019_Preston_STD_7","2019_Preston_STD_8_7"
715,726,8,7,1,0,715,2019,"Preston","NorLin","V1",3,"2019_Preston_NorLin","2019_Preston_V1_8","2019_Preston_V1_7","2019_Preston_V1_8_7"
715,726,8,7,1,0,715,2019,"Preston","NorLin","V2",2,"2019_Preston_NorLin","2019_Preston_V2_8","2019_Preston_V2_7","2019_Preston_V2_8_7"
715,726,8,7,1,0,715,2019,"Preston","NorLin","V3",2,"2019_Preston_NorLin","2019_Preston_V3_8","2019_Preston_V3_7","2019_Preston_V3_8_7"
715,726,8,7,1,0,715,2019,"Preston","NorLin","W1",3,"2019_Preston_NorLin","2019_Preston_W1_8","2019_Preston_W1_7","2019_Preston_W1_8_7"
715,726,8,7,1,0,715,2019,"Preston","NorLin","W2",4,"2019_Preston_NorLin","2019_Preston_W2_8","2019_Preston_W2_7","2019_Preston_W2_8_7"
715,726,8,7,1,0,715,2019,"Preston","NorLin","W3",2,"2019_Preston_NorLin","2019_Preston_W3_8","2019_Preston_W3_7","2019_Preston_W3_8_7"
715,735,8,8,1,0,715,2019,"Preston","NorLin","STD",3,"2019_Preston_NorLin","2019_Preston_STD_8","2019_Preston_STD_8","2019_Preston_STD_8_8"
715,735,8,8,1,0,715,2019,"Preston","NorLin","V1",2,"2019_Preston_NorLin","2019_Preston_V1_8","2019_Preston_V1_8","2019_Preston_V1_8_8"
715,735,8,8,1,0,715,2019,"Preston","NorLin","V2",2,"2019_Preston_NorLin","2019_Preston_V2_8","2019_Preston_V2_8","2019_Preston_V2_8_8"
715,735,8,8,1,0,715,2019,"Preston","NorLin","V3",2,"2019_Preston_NorLin","2019_Preston_V3_8","2019_Preston_V3_8","2019_Preston_V3_8_8"
715,735,8,8,1,0,715,2019,"Preston","NorLin","W1",1,"2019_Preston_NorLin","2019_Preston_W1_8","2019_Preston_W1_8","2019_Preston_W1_8_8"
715,735,8,8,1,0,715,2019,"Preston","NorLin","W2",4,"2019_Preston_NorLin","2019_Preston_W2_8","2019_Preston_W2_8","2019_Preston_W2_8_8"
715,735,8,8,1,0,715,2019,"Preston","NorLin","W3",2,"2019_Preston_NorLin","2019_Preston_W3_8","2019_Preston_W3_8","2019_Preston_W3_8_8"
715,744,8,9,1,0,715,2019,"Preston","NorLin","STD",4,"2019_Preston_NorLin","2019_Preston_STD_8","2019_Preston_STD_9","2019_Preston_STD_8_9"
715,744,8,9,1,0,715,2019,"Preston","NorLin","V1",3,"2019_Preston_NorLin","2019_Preston_V1_8","2019_Preston_V1_9","2019_Preston_V1_8_9"
715,744,8,9,1,0,715,2019,"Preston","NorLin","V2",3,"2019_Preston_NorLin","2019_Preston_V2_8","2019_Preston_V2_9","2019_Preston_V2_8_9"
715,744,8,9,1,0,715,2019,"Preston","NorLin","V3",3,"2019_Preston_NorLin","2019_Preston_V3_8","2019_Preston_V3_9","2019_Preston_V3_8_9"
715,744,8,9,1,0,715,2019,"Preston","NorLin","W1",2,"2019_Preston_NorLin","2019_Preston_W1_8","2019_Preston_W1_9","2019_Preston_W1_8_9"
715,744,8,9,1,0,715,2019,"Preston","NorLin","W2",4,"2019_Preston_NorLin","2019_Preston_W2_8","2019_Preston_W2_9","2019_Preston_W2_8_9"
715,744,8,9,1,0,715,2019,"Preston","NorLin","W3",2,"2019_Preston_NorLin","2019_Preston_W3_8","2019_Preston_W3_9","2019_Preston_W3_8_9"
715,753,9,1,1,0,715,2019,"Preston","NorLin","STD",2,"2019_Preston_NorLin","2019_Preston_STD_9","2019_Preston_STD_1","2019_Preston_STD_9_1"
715,753,9,1,1,0,715,2019,"Preston","NorLin","V1",2,"2019_Preston_NorLin","2019_Preston_V1_9","2019_Preston_V1_1","2019_Preston_V1_9_1"
715,753,9,1,1,0,715,2019,"Preston","NorLin","V2",3,"2019_Preston_NorLin","2019_Preston_V2_9","2019_Preston_V2_1","2019_Preston_V2_9_1"
715,753,9,1,1,0,715,2019,"Preston","NorLin","V3",2,"2019_Preston_NorLin","2019_Preston_V3_9","2019_Preston_V3_1","2019_Preston_V3_9_1"
715,753,9,1,1,0,715,2019,"Preston","NorLin","W1",1,"2019_Preston_NorLin","2019_Preston_W1_9","2019_Preston_W1_1","2019_Preston_W1_9_1"
715,753,9,1,1,0,715,2019,"Preston","NorLin","W2",3,"2019_Preston_NorLin","2019_Preston_W2_9","2019_Preston_W2_1","2019_Preston_W2_9_1"
715,753,9,1,1,0,715,2019,"Preston","NorLin","W3",2,"2019_Preston_NorLin","2019_Preston_W3_9","2019_Preston_W3_1","2019_Preston_W3_9_1"
715,762,9,2,1,0,715,2019,"Preston","NorLin","STD",3,"2019_Preston_NorLin","2019_Preston_STD_9","2019_Preston_STD_2","2019_Preston_STD_9_2"
715,762,9,2,1,0,715,2019,"Preston","NorLin","V1",3,"2019_Preston_NorLin","2019_Preston_V1_9","2019_Preston_V1_2","2019_Preston_V1_9_2"
715,762,9,2,1,0,715,2019,"Preston","NorLin","V2",3,"2019_Preston_NorLin","2019_Preston_V2_9","2019_Preston_V2_2","2019_Preston_V2_9_2"
715,762,9,2,1,0,715,2019,"Preston","NorLin","V3",3,"2019_Preston_NorLin","2019_Preston_V3_9","2019_Preston_V3_2","2019_Preston_V3_9_2"
715,762,9,2,1,0,715,2019,"Preston","NorLin","W1",2,"2019_Preston_NorLin","2019_Preston_W1_9","2019_Preston_W1_2","2019_Preston_W1_9_2"
715,762,9,2,1,0,715,2019,"Preston","NorLin","W2",4,"2019_Preston_NorLin","2019_Preston_W2_9","2019_Preston_W2_2","2019_Preston_W2_9_2"
715,762,9,2,1,0,715,2019,"Preston","NorLin","W3",3,"2019_Preston_NorLin","2019_Preston_W3_9","2019_Preston_W3_2","2019_Preston_W3_9_2"
715,771,9,3,1,0,715,2019,"Preston","NorLin","STD",3,"2019_Preston_NorLin","2019_Preston_STD_9","2019_Preston_STD_3","2019_Preston_STD_9_3"
715,771,9,3,1,0,715,2019,"Preston","NorLin","V1",2,"2019_Preston_NorLin","2019_Preston_V1_9","2019_Preston_V1_3","2019_Preston_V1_9_3"
715,771,9,3,1,0,715,2019,"Preston","NorLin","V2",2,"2019_Preston_NorLin","2019_Preston_V2_9","2019_Preston_V2_3","2019_Preston_V2_9_3"
715,771,9,3,1,0,715,2019,"Preston","NorLin","V3",2,"2019_Preston_NorLin","2019_Preston_V3_9","2019_Preston_V3_3","2019_Preston_V3_9_3"
715,771,9,3,1,0,715,2019,"Preston","NorLin","W1",1,"2019_Preston_NorLin","2019_Preston_W1_9","2019_Preston_W1_3","2019_Preston_W1_9_3"
715,771,9,3,1,0,715,2019,"Preston","NorLin","W2",3,"2019_Preston_NorLin","2019_Preston_W2_9","2019_Preston_W2_3","2019_Preston_W2_9_3"
715,771,9,3,1,0,715,2019,"Preston","NorLin","W3",3,"2019_Preston_NorLin","2019_Preston_W3_9","2019_Preston_W3_3","2019_Preston_W3_9_3"
715,780,9,4,1,0,715,2019,"Preston","NorLin","STD",3,"2019_Preston_NorLin","2019_Preston_STD_9","2019_Preston_STD_4","2019_Preston_STD_9_4"
715,780,9,4,1,0,715,2019,"Preston","NorLin","V1",3,"2019_Preston_NorLin","2019_Preston_V1_9","2019_Preston_V1_4","2019_Preston_V1_9_4"
715,780,9,4,1,0,715,2019,"Preston","NorLin","V2",2,"2019_Preston_NorLin","2019_Preston_V2_9","2019_Preston_V2_4","2019_Preston_V2_9_4"
715,780,9,4,1,0,715,2019,"Preston","NorLin","V3",2,"2019_Preston_NorLin","2019_Preston_V3_9","2019_Preston_V3_4","2019_Preston_V3_9_4"
715,780,9,4,1,0,715,2019,"Preston","NorLin","W1",2,"2019_Preston_NorLin","2019_Preston_W1_9","2019_Preston_W1_4","2019_Preston_W1_9_4"
715,780,9,4,1,0,715,2019,"Preston","NorLin","W2",3,"2019_Preston_NorLin","2019_Preston_W2_9","2019_Preston_W2_4","2019_Preston_W2_9_4"
715,780,9,4,1,0,715,2019,"Preston","NorLin","W3",3,"2019_Preston_NorLin","2019_Preston_W3_9","2019_Preston_W3_4","2019_Preston_W3_9_4"
715,789,9,5,1,0,715,2019,"Preston","NorLin","STD",3,"2019_Preston_NorLin","2019_Preston_STD_9","2019_Preston_STD_5","2019_Preston_STD_9_5"
715,789,9,5,1,0,715,2019,"Preston","NorLin","V1",3,"2019_Preston_NorLin","2019_Preston_V1_9","2019_Preston_V1_5","2019_Preston_V1_9_5"
715,789,9,5,1,0,715,2019,"Preston","NorLin","V2",2,"2019_Preston_NorLin","2019_Preston_V2_9","2019_Preston_V2_5","2019_Preston_V2_9_5"
715,789,9,5,1,0,715,2019,"Preston","NorLin","V3",2,"2019_Preston_NorLin","2019_Preston_V3_9","2019_Preston_V3_5","2019_Preston_V3_9_5"
715,789,9,5,1,0,715,2019,"Preston","NorLin","W1",1,"2019_Preston_NorLin","2019_Preston_W1_9","2019_Preston_W1_5","2019_Preston_W1_9_5"
715,789,9,5,1,0,715,2019,"Preston","NorLin","W2",3,"2019_Preston_NorLin","2019_Preston_W2_9","2019_Preston_W2_5","2019_Preston_W2_9_5"
715,789,9,5,1,0,715,2019,"Preston","NorLin","W3",2,"2019_Preston_NorLin","2019_Preston_W3_9","2019_Preston_W3_5","2019_Preston_W3_9_5"
715,798,9,6,1,0,715,2019,"Preston","NorLin","STD",2,"2019_Preston_NorLin","2019_Preston_STD_9","2019_Preston_STD_6","2019_Preston_STD_9_6"
715,798,9,6,1,0,715,2019,"Preston","NorLin","V1",3,"2019_Preston_NorLin","2019_Preston_V1_9","2019_Preston_V1_6","2019_Preston_V1_9_6"
715,798,9,6,1,0,715,2019,"Preston","NorLin","V2",2,"2019_Preston_NorLin","2019_Preston_V2_9","2019_Preston_V2_6","2019_Preston_V2_9_6"
715,798,9,6,1,0,715,2019,"Preston","NorLin","V3",2,"2019_Preston_NorLin","2019_Preston_V3_9","2019_Preston_V3_6","2019_Preston_V3_9_6"
715,798,9,6,1,0,715,2019,"Preston","NorLin","W1",1,"2019_Preston_NorLin","2019_Preston_W1_9","2019_Preston_W1_6","2019_Preston_W1_9_6"
715,798,9,6,1,0,715,2019,"Preston","NorLin","W2",3,"2019_Preston_NorLin","2019_Preston_W2_9","2019_Preston_W2_6","2019_Preston_W2_9_6"
715,798,9,6,1,0,715,2019,"Preston","NorLin","W3",3,"2019_Preston_NorLin","2019_Preston_W3_9","2019_Preston_W3_6","2019_Preston_W3_9_6"
715,807,9,7,1,0,715,2019,"Preston","NorLin","STD",2,"2019_Preston_NorLin","2019_Preston_STD_9","2019_Preston_STD_7","2019_Preston_STD_9_7"
715,807,9,7,1,0,715,2019,"Preston","NorLin","V1",2,"2019_Preston_NorLin","2019_Preston_V1_9","2019_Preston_V1_7","2019_Preston_V1_9_7"
715,807,9,7,1,0,715,2019,"Preston","NorLin","V2",3,"2019_Preston_NorLin","2019_Preston_V2_9","2019_Preston_V2_7","2019_Preston_V2_9_7"
715,807,9,7,1,0,715,2019,"Preston","NorLin","V3",3,"2019_Preston_NorLin","2019_Preston_V3_9","2019_Preston_V3_7","2019_Preston_V3_9_7"
715,807,9,7,1,0,715,2019,"Preston","NorLin","W1",1,"2019_Preston_NorLin","2019_Preston_W1_9","2019_Preston_W1_7","2019_Preston_W1_9_7"
715,807,9,7,1,0,715,2019,"Preston","NorLin","W2",3,"2019_Preston_NorLin","2019_Preston_W2_9","2019_Preston_W2_7","2019_Preston_W2_9_7"
715,807,9,7,1,0,715,2019,"Preston","NorLin","W3",3,"2019_Preston_NorLin","2019_Preston_W3_9","2019_Preston_W3_7","2019_Preston_W3_9_7"
715,816,9,8,1,0,715,2019,"Preston","NorLin","STD",3,"2019_Preston_NorLin","2019_Preston_STD_9","2019_Preston_STD_8","2019_Preston_STD_9_8"
715,816,9,8,1,0,715,2019,"Preston","NorLin","V1",3,"2019_Preston_NorLin","2019_Preston_V1_9","2019_Preston_V1_8","2019_Preston_V1_9_8"
715,816,9,8,1,0,715,2019,"Preston","NorLin","V2",2,"2019_Preston_NorLin","2019_Preston_V2_9","2019_Preston_V2_8","2019_Preston_V2_9_8"
715,816,9,8,1,0,715,2019,"Preston","NorLin","V3",3,"2019_Preston_NorLin","2019_Preston_V3_9","2019_Preston_V3_8","2019_Preston_V3_9_8"
715,816,9,8,1,0,715,2019,"Preston","NorLin","W1",1,"2019_Preston_NorLin","2019_Preston_W1_9","2019_Preston_W1_8","2019_Preston_W1_9_8"
715,816,9,8,1,0,715,2019,"Preston","NorLin","W2",4,"2019_Preston_NorLin","2019_Preston_W2_9","2019_Preston_W2_8","2019_Preston_W2_9_8"
715,816,9,8,1,0,715,2019,"Preston","NorLin","W3",3,"2019_Preston_NorLin","2019_Preston_W3_9","2019_Preston_W3_8","2019_Preston_W3_9_8"
715,825,9,9,1,0,715,2019,"Preston","NorLin","STD",3,"2019_Preston_NorLin","2019_Preston_STD_9","2019_Preston_STD_9","2019_Preston_STD_9_9"
715,825,9,9,1,0,715,2019,"Preston","NorLin","V1",4,"2019_Preston_NorLin","2019_Preston_V1_9","2019_Preston_V1_9","2019_Preston_V1_9_9"
715,825,9,9,1,0,715,2019,"Preston","NorLin","V2",2,"2019_Preston_NorLin","2019_Preston_V2_9","2019_Preston_V2_9","2019_Preston_V2_9_9"
715,825,9,9,1,0,715,2019,"Preston","NorLin","V3",3,"2019_Preston_NorLin","2019_Preston_V3_9","2019_Preston_V3_9","2019_Preston_V3_9_9"
715,825,9,9,1,0,715,2019,"Preston","NorLin","W1",2,"2019_Preston_NorLin","2019_Preston_W1_9","2019_Preston_W1_9","2019_Preston_W1_9_9"
715,825,9,9,1,0,715,2019,"Preston","NorLin","W2",3,"2019_Preston_NorLin","2019_Preston_W2_9","2019_Preston_W2_9","2019_Preston_W2_9_9"
715,825,9,9,1,0,715,2019,"Preston","NorLin","W3",3,"2019_Preston_NorLin","2019_Preston_W3_9","2019_Preston_W3_9","2019_Preston_W3_9_9"
715,834,10,1,1,0,715,2019,"Preston","NorLin","STD",3,"2019_Preston_NorLin","2019_Preston_STD_10","2019_Preston_STD_1","2019_Preston_STD_10_1"
715,834,10,1,1,0,715,2019,"Preston","NorLin","V1",2,"2019_Preston_NorLin","2019_Preston_V1_10","2019_Preston_V1_1","2019_Preston_V1_10_1"
715,834,10,1,1,0,715,2019,"Preston","NorLin","V2",4,"2019_Preston_NorLin","2019_Preston_V2_10","2019_Preston_V2_1","2019_Preston_V2_10_1"
715,834,10,1,1,0,715,2019,"Preston","NorLin","V3",3,"2019_Preston_NorLin","2019_Preston_V3_10","2019_Preston_V3_1","2019_Preston_V3_10_1"
715,834,10,1,1,0,715,2019,"Preston","NorLin","W1",6,"2019_Preston_NorLin","2019_Preston_W1_10","2019_Preston_W1_1","2019_Preston_W1_10_1"
715,834,10,1,1,0,715,2019,"Preston","NorLin","W2",4,"2019_Preston_NorLin","2019_Preston_W2_10","2019_Preston_W2_1","2019_Preston_W2_10_1"
715,834,10,1,1,0,715,2019,"Preston","NorLin","W3",2,"2019_Preston_NorLin","2019_Preston_W3_10","2019_Preston_W3_1","2019_Preston_W3_10_1"
715,843,10,2,1,0,715,2019,"Preston","NorLin","STD",2,"2019_Preston_NorLin","2019_Preston_STD_10","2019_Preston_STD_2","2019_Preston_STD_10_2"
715,843,10,2,1,0,715,2019,"Preston","NorLin","V1",3,"2019_Preston_NorLin","2019_Preston_V1_10","2019_Preston_V1_2","2019_Preston_V1_10_2"
715,843,10,2,1,0,715,2019,"Preston","NorLin","V2",2,"2019_Preston_NorLin","2019_Preston_V2_10","2019_Preston_V2_2","2019_Preston_V2_10_2"
715,843,10,2,1,0,715,2019,"Preston","NorLin","V3",3,"2019_Preston_NorLin","2019_Preston_V3_10","2019_Preston_V3_2","2019_Preston_V3_10_2"
715,843,10,2,1,0,715,2019,"Preston","NorLin","W1",5,"2019_Preston_NorLin","2019_Preston_W1_10","2019_Preston_W1_2","2019_Preston_W1_10_2"
715,843,10,2,1,0,715,2019,"Preston","NorLin","W2",3,"2019_Preston_NorLin","2019_Preston_W2_10","2019_Preston_W2_2","2019_Preston_W2_10_2"
715,843,10,2,1,0,715,2019,"Preston","NorLin","W3",2,"2019_Preston_NorLin","2019_Preston_W3_10","2019_Preston_W3_2","2019_Preston_W3_10_2"
715,852,10,3,1,0,715,2019,"Preston","NorLin","STD",4,"2019_Preston_NorLin","2019_Preston_STD_10","2019_Preston_STD_3","2019_Preston_STD_10_3"
715,852,10,3,1,0,715,2019,"Preston","NorLin","V1",5,"2019_Preston_NorLin","2019_Preston_V1_10","2019_Preston_V1_3","2019_Preston_V1_10_3"
715,852,10,3,1,0,715,2019,"Preston","NorLin","V2",2,"2019_Preston_NorLin","2019_Preston_V2_10","2019_Preston_V2_3","2019_Preston_V2_10_3"
715,852,10,3,1,0,715,2019,"Preston","NorLin","V3",3,"2019_Preston_NorLin","2019_Preston_V3_10","2019_Preston_V3_3","2019_Preston_V3_10_3"
715,852,10,3,1,0,715,2019,"Preston","NorLin","W1",4,"2019_Preston_NorLin","2019_Preston_W1_10","2019_Preston_W1_3","2019_Preston_W1_10_3"
715,852,10,3,1,0,715,2019,"Preston","NorLin","W2",3,"2019_Preston_NorLin","2019_Preston_W2_10","2019_Preston_W2_3","2019_Preston_W2_10_3"
715,852,10,3,1,0,715,2019,"Preston","NorLin","W3",2,"2019_Preston_NorLin","2019_Preston_W3_10","2019_Preston_W3_3","2019_Preston_W3_10_3"
715,861,10,4,1,0,715,2019,"Preston","NorLin","STD",4,"2019_Preston_NorLin","2019_Preston_STD_10","2019_Preston_STD_4","2019_Preston_STD_10_4"
715,861,10,4,1,0,715,2019,"Preston","NorLin","V1",3,"2019_Preston_NorLin","2019_Preston_V1_10","2019_Preston_V1_4","2019_Preston_V1_10_4"
715,861,10,4,1,0,715,2019,"Preston","NorLin","V2",3,"2019_Preston_NorLin","2019_Preston_V2_10","2019_Preston_V2_4","2019_Preston_V2_10_4"
715,861,10,4,1,0,715,2019,"Preston","NorLin","V3",2,"2019_Preston_NorLin","2019_Preston_V3_10","2019_Preston_V3_4","2019_Preston_V3_10_4"
715,861,10,4,1,0,715,2019,"Preston","NorLin","W1",4,"2019_Preston_NorLin","2019_Preston_W1_10","2019_Preston_W1_4","2019_Preston_W1_10_4"
715,861,10,4,1,0,715,2019,"Preston","NorLin","W2",5,"2019_Preston_NorLin","2019_Preston_W2_10","2019_Preston_W2_4","2019_Preston_W2_10_4"
715,861,10,4,1,0,715,2019,"Preston","NorLin","W3",2,"2019_Preston_NorLin","2019_Preston_W3_10","2019_Preston_W3_4","2019_Preston_W3_10_4"
715,870,10,5,1,0,715,2019,"Preston","NorLin","STD",4,"2019_Preston_NorLin","2019_Preston_STD_10","2019_Preston_STD_5","2019_Preston_STD_10_5"
715,870,10,5,1,0,715,2019,"Preston","NorLin","V1",3,"2019_Preston_NorLin","2019_Preston_V1_10","2019_Preston_V1_5","2019_Preston_V1_10_5"
715,870,10,5,1,0,715,2019,"Preston","NorLin","V2",2,"2019_Preston_NorLin","2019_Preston_V2_10","2019_Preston_V2_5","2019_Preston_V2_10_5"
715,870,10,5,1,0,715,2019,"Preston","NorLin","V3",3,"2019_Preston_NorLin","2019_Preston_V3_10","2019_Preston_V3_5","2019_Preston_V3_10_5"
715,870,10,5,1,0,715,2019,"Preston","NorLin","W1",4,"2019_Preston_NorLin","2019_Preston_W1_10","2019_Preston_W1_5","2019_Preston_W1_10_5"
715,870,10,5,1,0,715,2019,"Preston","NorLin","W2",3,"2019_Preston_NorLin","2019_Preston_W2_10","2019_Preston_W2_5","2019_Preston_W2_10_5"
715,870,10,5,1,0,715,2019,"Preston","NorLin","W3",2,"2019_Preston_NorLin","2019_Preston_W3_10","2019_Preston_W3_5","2019_Preston_W3_10_5"
715,879,10,6,1,0,715,2019,"Preston","NorLin","STD",2,"2019_Preston_NorLin","2019_Preston_STD_10","2019_Preston_STD_6","2019_Preston_STD_10_6"
715,879,10,6,1,0,715,2019,"Preston","NorLin","V1",2,"2019_Preston_NorLin","2019_Preston_V1_10","2019_Preston_V1_6","2019_Preston_V1_10_6"
715,879,10,6,1,0,715,2019,"Preston","NorLin","V2",2,"2019_Preston_NorLin","2019_Preston_V2_10","2019_Preston_V2_6","2019_Preston_V2_10_6"
715,879,10,6,1,0,715,2019,"Preston","NorLin","V3",3,"2019_Preston_NorLin","2019_Preston_V3_10","2019_Preston_V3_6","2019_Preston_V3_10_6"
715,879,10,6,1,0,715,2019,"Preston","NorLin","W1",4,"2019_Preston_NorLin","2019_Preston_W1_10","2019_Preston_W1_6","2019_Preston_W1_10_6"
715,879,10,6,1,0,715,2019,"Preston","NorLin","W2",3,"2019_Preston_NorLin","2019_Preston_W2_10","2019_Preston_W2_6","2019_Preston_W2_10_6"
715,879,10,6,1,0,715,2019,"Preston","NorLin","W3",2,"2019_Preston_NorLin","2019_Preston_W3_10","2019_Preston_W3_6","2019_Preston_W3_10_6"
715,888,10,7,1,0,715,2019,"Preston","NorLin","STD",5,"2019_Preston_NorLin","2019_Preston_STD_10","2019_Preston_STD_7","2019_Preston_STD_10_7"
715,888,10,7,1,0,715,2019,"Preston","NorLin","V1",4,"2019_Preston_NorLin","2019_Preston_V1_10","2019_Preston_V1_7","2019_Preston_V1_10_7"
715,888,10,7,1,0,715,2019,"Preston","NorLin","V2",2,"2019_Preston_NorLin","2019_Preston_V2_10","2019_Preston_V2_7","2019_Preston_V2_10_7"
715,888,10,7,1,0,715,2019,"Preston","NorLin","V3",3,"2019_Preston_NorLin","2019_Preston_V3_10","2019_Preston_V3_7","2019_Preston_V3_10_7"
715,888,10,7,1,0,715,2019,"Preston","NorLin","W1",1,"2019_Preston_NorLin","2019_Preston_W1_10","2019_Preston_W1_7","2019_Preston_W1_10_7"
715,888,10,7,1,0,715,2019,"Preston","NorLin","W2",3,"2019_Preston_NorLin","2019_Preston_W2_10","2019_Preston_W2_7","2019_Preston_W2_10_7"
715,888,10,7,1,0,715,2019,"Preston","NorLin","W3",3,"2019_Preston_NorLin","2019_Preston_W3_10","2019_Preston_W3_7","2019_Preston_W3_10_7"
715,897,10,8,1,0,715,2019,"Preston","NorLin","STD",2,"2019_Preston_NorLin","2019_Preston_STD_10","2019_Preston_STD_8","2019_Preston_STD_10_8"
715,897,10,8,1,0,715,2019,"Preston","NorLin","V1",3,"2019_Preston_NorLin","2019_Preston_V1_10","2019_Preston_V1_8","2019_Preston_V1_10_8"
715,897,10,8,1,0,715,2019,"Preston","NorLin","V2",3,"2019_Preston_NorLin","2019_Preston_V2_10","2019_Preston_V2_8","2019_Preston_V2_10_8"
715,897,10,8,1,0,715,2019,"Preston","NorLin","V3",3,"2019_Preston_NorLin","2019_Preston_V3_10","2019_Preston_V3_8","2019_Preston_V3_10_8"
715,897,10,8,1,0,715,2019,"Preston","NorLin","W1",1,"2019_Preston_NorLin","2019_Preston_W1_10","2019_Preston_W1_8","2019_Preston_W1_10_8"
715,897,10,8,1,0,715,2019,"Preston","NorLin","W2",3,"2019_Preston_NorLin","2019_Preston_W2_10","2019_Preston_W2_8","2019_Preston_W2_10_8"
715,897,10,8,1,0,715,2019,"Preston","NorLin","W3",3,"2019_Preston_NorLin","2019_Preston_W3_10","2019_Preston_W3_8","2019_Preston_W3_10_8"
715,906,10,9,1,0,715,2019,"Preston","NorLin","STD",3,"2019_Preston_NorLin","2019_Preston_STD_10","2019_Preston_STD_9","2019_Preston_STD_10_9"
715,906,10,9,1,0,715,2019,"Preston","NorLin","V1",4,"2019_Preston_NorLin","2019_Preston_V1_10","2019_Preston_V1_9","2019_Preston_V1_10_9"
715,906,10,9,1,0,715,2019,"Preston","NorLin","V2",3,"2019_Preston_NorLin","2019_Preston_V2_10","2019_Preston_V2_9","2019_Preston_V2_10_9"
715,906,10,9,1,0,715,2019,"Preston","NorLin","V3",3,"2019_Preston_NorLin","2019_Preston_V3_10","2019_Preston_V3_9","2019_Preston_V3_10_9"
715,906,10,9,1,0,715,2019,"Preston","NorLin","W1",2,"2019_Preston_NorLin","2019_Preston_W1_10","2019_Preston_W1_9","2019_Preston_W1_10_9"
715,906,10,9,1,0,715,2019,"Preston","NorLin","W2",3,"2019_Preston_NorLin","2019_Preston_W2_10","2019_Preston_W2_9","2019_Preston_W2_10_9"
715,906,10,9,1,0,715,2019,"Preston","NorLin","W3",3,"2019_Preston_NorLin","2019_Preston_W3_10","2019_Preston_W3_9","2019_Preston_W3_10_9"
